A,06/07/2017 18:35:20,37.3361422,127.2636034
A,06/07/2017 18:35:44,37.3374504,127.267585
A,06/07/2017 18:36:32,37.3374504,127.267585
A,06/07/2017 18:36:45,37.3377957,127.2678407
A,06/07/2017 18:37:10,37.3375559,127.2675432
A,06/07/2017 18:37:40,37.3375559,127.2675432
A,06/07/2017 18:38:01,37.3373965,127.2674904
A,06/07/2017 18:38:31,37.3373965,127.2674904
A,06/07/2017 18:38:45,37.3374685,127.267585
A,06/07/2017 18:39:04,37.3374685,127.267585
A,06/07/2017 18:39:34,37.3374685,127.267585
A,06/07/2017 18:40:05,37.3374685,127.267585
A,06/07/2017 18:40:28,37.3371108,127.2684611
A,06/07/2017 18:40:40,37.3371108,127.2684611
A,06/07/2017 18:41:10,37.3371108,127.2684611
A,06/07/2017 18:41:16,37.3374504,127.267585
A,06/07/2017 18:41:41,37.3366605,127.2678219
A,06/07/2017 18:42:01,37.3374504,127.267585
A,06/07/2017 18:42:31,37.3374504,127.267585
A,06/07/2017 18:43:04,37.3374504,127.267585
A,06/07/2017 18:43:14,37.3374504,127.267585
A,06/07/2017 18:43:46,37.3371957,127.266734
A,06/07/2017 18:44:18,37.3374504,127.267585
A,06/07/2017 18:44:49,37.3376942,127.2688308
A,06/07/2017 18:45:07,37.3376475,127.2680634
A,06/07/2017 18:45:23,37.3376475,127.2680634
A,06/07/2017 18:45:57,37.3374504,127.267585
A,06/07/2017 18:46:26,37.3339081,127.2652719
A,06/07/2017 18:47:02,37.3339081,127.2652719
A,06/07/2017 18:47:09,37.3370149,127.2681675
A,06/07/2017 18:47:45,37.3370096,127.2678017
A,06/07/2017 18:48:05,37.3371739,127.2681911
A,06/07/2017 18:48:20,37.3370233,127.267945
A,06/07/2017 18:48:41,37.3374202,127.2678149
A,06/07/2017 18:48:59,37.3370067,127.2673043
A,06/07/2017 18:49:41,37.3369489,127.2678932
A,06/07/2017 18:50:19,37.3361768,127.2628548
A,06/07/2017 18:52:55,37.3361106,127.2547105
A,06/07/2017 18:53:21,37.3358244,127.2541661
A,06/07/2017 18:53:39,37.3362474,127.2534553
A,06/07/2017 18:54:04,37.3372884,127.2506961
A,06/07/2017 18:54:17,37.3371502,127.2504033
A,06/07/2017 18:54:42,37.337301,127.2502957
A,06/07/2017 18:54:50,37.3371551,127.2503406
A,06/07/2017 18:55:24,37.33734,127.2501315
A,06/07/2017 18:55:55,37.3369539,127.2494626
A,06/07/2017 18:56:06,37.3368983,127.249463
A,06/07/2017 18:56:24,37.3370871,127.2492221
A,06/07/2017 18:56:44,37.336326,127.2494588
A,06/07/2017 18:56:57,37.336403,127.2496612
A,06/07/2017 18:57:22,37.3359807,127.2493774
A,06/07/2017 18:57:28,37.3359807,127.2493774
A,06/07/2017 18:58:05,37.33584,127.2493267
A,06/07/2017 18:58:16,37.3352322,127.2492502
A,06/07/2017 18:58:35,37.3370871,127.2492221
A,06/07/2017 18:58:51,37.335032,127.2491526
A,06/07/2017 18:59:10,37.3349323,127.2491699
A,06/07/2017 18:59:25,37.3347113,127.2492599
A,06/07/2017 18:59:41,37.3346176,127.2491176
A,06/07/2017 19:00:04,37.334264,127.2490739
A,06/07/2017 19:00:41,37.3340307,127.2489085
A,06/07/2017 19:00:47,37.3340307,127.2489085
A,06/07/2017 19:01:23,37.3332823,127.2490445
A,06/07/2017 19:01:54,37.3340902,127.2488808
A,06/07/2017 19:02:25,37.3339689,127.2491624
A,06/07/2017 19:02:55,37.3339689,127.2491624
A,06/07/2017 19:03:18,37.3339689,127.2491624
A,06/07/2017 19:03:39,37.3340902,127.2488808
A,06/07/2017 19:04:08,37.3339029,127.2488772
A,06/07/2017 19:04:41,37.3339689,127.2491624
A,06/07/2017 19:05:10,37.3339689,127.2491624
A,06/07/2017 19:05:43,37.3339689,127.2491624
A,06/07/2017 19:06:16,37.3337153,127.2490445
A,06/07/2017 19:06:24,37.3337153,127.2490445
A,06/07/2017 19:06:32,37.3337153,127.2490445
A,06/07/2017 19:06:54,37.3338606,127.2493371
A,06/07/2017 19:07:04,37.333057,127.2481682
A,06/07/2017 19:07:41,37.3337449,127.2489922
A,06/07/2017 19:07:57,37.3333878,127.2490027
A,06/07/2017 19:08:15,37.3338465,127.2489927
A,06/07/2017 19:08:23,37.3338465,127.2489927
A,06/07/2017 19:08:41,37.3339689,127.2491624
A,06/07/2017 19:08:53,37.3336414,127.2488818
A,06/07/2017 19:09:12,37.3336174,127.2490654
A,06/07/2017 19:09:43,37.3336174,127.2490654
A,06/07/2017 19:10:08,37.3333433,127.2482401
A,06/07/2017 19:10:17,37.3333433,127.2482401
A,06/07/2017 19:10:50,37.333457,127.2488877
A,06/07/2017 19:11:21,37.3333639,127.2487727
A,06/07/2017 19:11:30,37.3332008,127.249025
A,06/07/2017 19:11:50,37.333119,127.2487518
A,06/07/2017 19:12:23,37.3328585,127.2486995
A,06/07/2017 19:12:55,37.3326557,127.2489818
A,06/07/2017 19:13:03,37.3325197,127.2492705
A,06/07/2017 19:13:23,37.3325309,127.2494208
A,06/07/2017 19:13:43,37.3323477,127.249379
A,06/07/2017 19:14:03,37.3318989,127.2489471
A,06/07/2017 19:14:21,37.3319102,127.249588
A,06/07/2017 19:14:52,37.3314995,127.2493058
A,06/07/2017 19:15:23,37.3311957,127.2494208
A,06/07/2017 19:15:30,37.3309019,127.2493909
A,06/07/2017 19:15:54,37.3309472,127.2499016
A,06/07/2017 19:16:07,37.330697,127.2497384
A,06/07/2017 19:16:25,37.3306482,127.2498807
A,06/07/2017 19:16:55,37.3305977,127.2502152
A,06/07/2017 19:17:27,37.3305287,127.2504033
A,06/07/2017 19:17:55,37.3304799,127.2505188
A,06/07/2017 19:18:22,37.3305161,127.2504869
A,06/07/2017 19:18:30,37.3311172,127.250595
A,06/07/2017 19:18:50,37.3305161,127.2504869
A,06/07/2017 19:19:10,37.330787,127.2509421
A,06/07/2017 19:19:24,37.3300871,127.2525669
A,06/07/2017 19:19:54,37.3305161,127.2504869
A,06/07/2017 19:20:26,37.3305161,127.2504869
A,06/07/2017 19:20:43,37.3305853,127.2503596
A,06/07/2017 19:20:56,37.3305161,127.2504869
A,06/07/2017 19:21:24,37.3307782,127.2501583
A,06/07/2017 19:21:34,37.3305161,127.2504869
A,06/07/2017 19:22:08,37.3305161,127.2504869
A,06/07/2017 19:22:14,37.3302655,127.250478
A,06/07/2017 19:22:38,37.3305161,127.2504869
A,06/07/2017 19:22:59,37.3301244,127.250288
A,06/07/2017 19:23:12,37.3305161,127.2504869
A,06/07/2017 19:23:38,37.3305161,127.2504869
A,06/07/2017 19:24:07,37.3309661,127.2508755
A,06/07/2017 19:24:29,37.3305161,127.2504869
A,06/07/2017 19:24:55,37.3305161,127.2504869
A,06/07/2017 19:24:59,37.3318363,127.2542002
A,06/07/2017 19:25:31,37.3305161,127.2504869
A,06/07/2017 19:25:48,37.3305503,127.2504571
A,06/07/2017 19:26:29,37.3305161,127.2504869
A,06/07/2017 19:26:59,37.3305161,127.2504869
A,06/07/2017 19:27:30,37.3305161,127.2504869
A,06/07/2017 19:28:01,37.3305161,127.2504869
A,06/07/2017 19:28:17,37.3305161,127.2504869
A,06/07/2017 19:28:38,37.3305161,127.2504869
A,06/07/2017 19:29:09,37.3305161,127.2504869
A,06/07/2017 19:29:38,37.3305161,127.2504869
A,06/07/2017 19:29:48,37.3309115,127.2498419
A,06/07/2017 19:30:12,37.3305161,127.2504869
A,06/07/2017 19:30:40,37.3305161,127.2504869
A,06/07/2017 19:31:10,37.3305161,127.2504869
A,06/07/2017 19:31:40,37.3305161,127.2504869
A,06/07/2017 19:32:10,37.3305161,127.2504869
A,06/07/2017 19:32:40,37.3305161,127.2504869
A,06/07/2017 19:33:10,37.3305161,127.2504869
A,06/07/2017 19:33:37,37.3305161,127.2504869
A,06/07/2017 19:33:57,37.3305161,127.2504869
A,06/07/2017 19:34:07,37.3305161,127.2504869
A,06/07/2017 19:34:27,37.3305161,127.2504869
A,06/07/2017 19:34:37,37.3305161,127.2504869
A,06/07/2017 19:35:01,37.3304301,127.2503713
A,06/07/2017 19:35:07,37.3305161,127.2504869
A,06/07/2017 19:35:31,37.3305161,127.2504869
A,06/07/2017 19:35:37,37.3305161,127.2504869
A,06/07/2017 19:36:03,37.3305161,127.2504869
A,06/07/2017 19:36:33,37.3305161,127.2504869
A,06/07/2017 19:37:03,37.3305161,127.2504869
A,06/07/2017 19:37:33,37.3305161,127.2504869
A,06/07/2017 19:38:04,37.3305161,127.2504869
A,06/07/2017 19:38:34,37.3305161,127.2504869
A,06/07/2017 19:38:56,37.3305161,127.2504869
A,06/07/2017 19:39:06,37.3305161,127.2504869
A,06/07/2017 19:39:26,37.3305161,127.2504869
A,06/07/2017 19:39:36,37.3305161,127.2504869
A,06/07/2017 19:39:56,37.3305161,127.2504869
A,06/07/2017 19:40:06,37.3305161,127.2504869
A,06/07/2017 19:40:25,37.3305161,127.2504869
A,06/07/2017 19:40:26,37.3305161,127.2504869
A,06/07/2017 19:40:56,37.3305161,127.2504869
A,06/07/2017 19:41:26,37.3305161,127.2504869
A,06/07/2017 19:41:56,37.3305161,127.2504869
A,06/07/2017 19:42:12,37.3309781,127.2492037
A,06/07/2017 19:42:26,37.3309781,127.2492037
A,06/07/2017 19:42:42,37.3305161,127.2504869
A,06/07/2017 19:43:00,37.3305161,127.2504869
A,06/07/2017 19:43:06,37.3305161,127.2504869
A,06/07/2017 19:43:12,37.3305161,127.2504869
A,06/07/2017 19:43:33,37.3305161,127.2504869
A,06/07/2017 19:43:53,37.3305161,127.2504869
A,06/07/2017 19:44:03,37.3305161,127.2504869
A,06/07/2017 19:44:23,37.3305161,127.2504869
A,06/07/2017 19:44:34,37.3305161,127.2504869
A,06/07/2017 19:44:54,37.3305161,127.2504869
A,06/07/2017 19:45:04,37.3305161,127.2504869
A,06/07/2017 19:45:24,37.3305161,127.2504869
A,06/07/2017 19:45:34,37.3305161,127.2504869
A,06/07/2017 19:45:54,37.3305161,127.2504869
A,06/07/2017 19:46:04,37.3305161,127.2504869
A,06/07/2017 19:46:24,37.3305161,127.2504869
A,06/07/2017 19:46:34,37.3305161,127.2504869
A,06/07/2017 19:46:54,37.3305161,127.2504869
A,06/07/2017 19:47:04,37.3305161,127.2504869
A,06/07/2017 19:47:24,37.3305161,127.2504869
A,06/07/2017 19:47:34,37.3305161,127.2504869
A,06/07/2017 19:47:55,37.3305161,127.2504869
A,06/07/2017 19:48:04,37.3305161,127.2504869
A,06/07/2017 19:48:25,37.3305161,127.2504869
A,06/07/2017 19:48:45,37.3305161,127.2504869
A,06/07/2017 19:48:55,37.3305161,127.2504869
A,06/07/2017 19:49:15,37.3305161,127.2504869
A,06/07/2017 19:49:25,37.3305161,127.2504869
A,06/07/2017 19:49:46,37.3305161,127.2504869
A,06/07/2017 19:49:55,37.3305161,127.2504869
A,06/07/2017 19:50:16,37.3305161,127.2504869
A,06/07/2017 19:50:25,37.3305161,127.2504869
A,06/07/2017 19:50:46,37.3305161,127.2504869
A,06/07/2017 19:50:55,37.3305161,127.2504869
A,06/07/2017 19:51:16,37.3305161,127.2504869
A,06/07/2017 19:51:25,37.3305161,127.2504869
A,06/07/2017 19:51:46,37.3305161,127.2504869
A,06/07/2017 19:51:55,37.3305161,127.2504869
A,06/07/2017 19:52:16,37.3305161,127.2504869
A,06/07/2017 19:52:26,37.3305161,127.2504869
A,06/07/2017 19:52:46,37.3305161,127.2504869
A,06/07/2017 19:52:56,37.3305161,127.2504869
A,06/07/2017 19:53:16,37.3305161,127.2504869
A,06/07/2017 19:53:17,37.3305161,127.2504869
A,06/07/2017 19:53:37,37.3305161,127.2504869
A,06/07/2017 19:53:46,37.3305161,127.2504869
A,06/07/2017 19:54:07,37.3305161,127.2504869
A,06/07/2017 19:54:37,37.3305161,127.2504869
A,06/07/2017 19:55:07,37.3305161,127.2504869
A,06/07/2017 19:55:37,37.3305161,127.2504869
A,06/07/2017 19:56:07,37.3305161,127.2504869
A,06/07/2017 19:56:38,37.3305161,127.2504869
A,06/07/2017 19:56:47,37.3305161,127.2504869
A,06/07/2017 19:57:08,37.3305161,127.2504869
A,06/07/2017 19:57:17,37.3305161,127.2504869
A,06/07/2017 19:57:24,37.3305161,127.2504869
A,06/07/2017 19:58:07,37.3305161,127.2504869
A,06/07/2017 19:58:24,37.3305161,127.2504869
A,06/07/2017 19:58:43,37.3305161,127.2504869
A,06/07/2017 19:59:13,37.3305161,127.2504869
A,06/07/2017 19:59:43,37.3305161,127.2504869
A,06/07/2017 20:00:14,37.3305161,127.2504869
A,06/07/2017 20:00:45,37.3305161,127.2504869
A,06/07/2017 20:00:59,37.3305161,127.2504869
A,06/07/2017 20:01:15,37.3305161,127.2504869
A,06/07/2017 20:01:29,37.3305161,127.2504869
A,06/07/2017 20:01:44,37.3305161,127.2504869
A,06/07/2017 20:01:59,37.3305161,127.2504869
A,06/07/2017 20:02:15,37.3305161,127.2504869
A,06/07/2017 20:02:29,37.3305161,127.2504869
A,06/07/2017 20:02:45,37.3305161,127.2504869
A,06/07/2017 20:02:59,37.3305161,127.2504869
A,06/07/2017 20:03:15,37.3305161,127.2504869
A,06/07/2017 20:03:21,37.3305161,127.2504869
A,06/07/2017 20:03:29,37.3305161,127.2504869
A,06/07/2017 20:03:38,37.3305161,127.2504869
A,06/07/2017 20:03:47,37.3305161,127.2504869
A,06/07/2017 20:04:08,37.3305161,127.2504869
A,06/07/2017 20:04:17,37.3305161,127.2504869
A,06/07/2017 20:04:38,37.3305161,127.2504869
A,06/07/2017 20:04:47,37.3305161,127.2504869
A,06/07/2017 20:05:08,37.3305161,127.2504869
A,06/07/2017 20:05:19,37.3305161,127.2504869
A,06/07/2017 20:05:24,37.3305161,127.2504869
A,06/07/2017 20:05:48,37.3305161,127.2504869
A,06/07/2017 20:05:58,37.3305161,127.2504869
A,06/07/2017 20:06:08,37.3305161,127.2504869
A,06/07/2017 20:06:18,37.3305161,127.2504869
A,06/07/2017 20:06:28,37.3305161,127.2504869
A,06/07/2017 20:06:39,37.3305161,127.2504869
A,06/07/2017 20:06:48,37.3305161,127.2504869
A,06/07/2017 20:07:11,37.3305161,127.2504869
A,06/07/2017 20:07:22,37.3305161,127.2504869
A,06/07/2017 20:07:43,37.3305161,127.2504869
A,06/07/2017 20:07:43,37.3305161,127.2504869
A,06/07/2017 20:07:52,37.3305161,127.2504869
A,06/07/2017 20:08:13,37.3305161,127.2504869
A,06/07/2017 20:08:20,37.3305161,127.2504869
A,06/07/2017 20:08:26,37.3302875,127.2505398
A,06/07/2017 20:08:43,37.3302875,127.2505398
A,06/07/2017 20:08:50,37.3302875,127.2505398
A,06/07/2017 20:08:56,37.3302875,127.2505398
A,06/07/2017 20:09:02,37.3305161,127.2504869
A,06/07/2017 20:09:13,37.3305161,127.2504869
A,06/07/2017 20:09:20,37.3305161,127.2504869
A,06/07/2017 20:09:32,37.3305161,127.2504869
A,06/07/2017 20:09:43,37.3305161,127.2504869
A,06/07/2017 20:09:48,37.3304721,127.2502744
A,06/07/2017 20:10:06,37.3304721,127.2502744
A,06/07/2017 20:10:18,37.3305161,127.2504869
A,06/07/2017 20:10:36,37.3305161,127.2504869
A,06/07/2017 20:10:45,37.3304195,127.2502687
A,06/07/2017 20:10:50,37.3304195,127.2502687
A,06/07/2017 20:11:10,37.3305161,127.2504869
A,06/07/2017 20:11:18,37.3305161,127.2504869
A,06/07/2017 20:11:24,37.3303495,127.2501011
A,06/07/2017 20:11:44,37.3305161,127.2504869
A,06/07/2017 20:12:14,37.3305161,127.2504869
A,06/07/2017 20:12:41,37.3305161,127.2504869
A,06/07/2017 20:13:11,37.3305161,127.2504869
A,06/07/2017 20:13:18,37.3305161,127.2504869
A,06/07/2017 20:14:07,37.3305161,127.2504869
A,06/07/2017 20:14:28,37.3296478,127.2489938
A,06/07/2017 20:15:07,37.3296478,127.2489938
A,06/07/2017 20:15:23,37.3305212,127.250431
A,06/07/2017 20:15:45,37.3305161,127.2504869
A,06/07/2017 20:16:15,37.3305161,127.2504869
A,06/07/2017 20:16:45,37.3305161,127.2504869
A,06/07/2017 20:17:16,37.3305161,127.2504869
A,06/07/2017 20:17:49,37.3305118,127.2504794
A,06/07/2017 20:18:20,37.3305161,127.2504869
A,06/07/2017 20:19:06,37.3305161,127.2504869
A,06/07/2017 20:19:38,37.3305161,127.2504869
A,06/07/2017 20:20:08,37.3305161,127.2504869
A,06/07/2017 20:20:41,37.3305118,127.2504794
A,06/07/2017 20:21:11,37.3305161,127.2504869
A,06/07/2017 20:21:41,37.3305161,127.2504869
A,06/07/2017 20:22:09,37.3305161,127.2504869
A,06/07/2017 20:22:39,37.3305161,127.2504869
A,06/07/2017 20:23:09,37.3305161,127.2504869
A,06/07/2017 20:23:29,37.3305161,127.2504869
A,06/07/2017 20:23:42,37.3300988,127.2499515
A,06/07/2017 20:23:52,37.3305161,127.2504869
A,06/07/2017 20:24:22,37.3305161,127.2504869
A,06/07/2017 20:24:57,37.3305161,127.2504869
A,06/07/2017 20:25:12,37.3303382,127.2497987
A,06/07/2017 20:25:42,37.3303382,127.2497987
A,06/07/2017 20:25:50,37.3305161,127.2504869
A,06/07/2017 20:26:20,37.3305161,127.2504869
A,06/07/2017 20:26:51,37.3305161,127.2504869
A,06/07/2017 20:27:19,37.3305161,127.2504869
A,06/07/2017 20:27:49,37.3305161,127.2504869
A,06/07/2017 20:28:24,37.3300871,127.2525669
A,06/07/2017 20:28:42,37.3305161,127.2504869
A,06/07/2017 20:29:12,37.3305161,127.2504869
A,06/07/2017 20:29:43,37.3305161,127.2504869
A,06/07/2017 20:29:49,37.3305161,127.2504869
A,06/07/2017 20:29:54,37.3315514,127.2550725
A,06/07/2017 20:29:59,37.3315514,127.2550725
A,06/07/2017 20:30:16,37.3315514,127.2550725
A,06/07/2017 20:30:34,37.330552,127.2504591
A,06/07/2017 20:31:00,37.3305161,127.2504869
A,06/07/2017 20:31:19,37.3305161,127.2504869
A,06/07/2017 20:31:26,37.3302842,127.2504756
A,06/07/2017 20:31:32,37.3302842,127.2504756
A,06/07/2017 20:31:37,37.3302842,127.2504756
A,06/07/2017 20:32:07,37.3302842,127.2504756
A,06/07/2017 20:32:14,37.3305161,127.2504869
A,06/07/2017 20:32:47,37.3305161,127.2504869
A,06/07/2017 20:32:56,37.3308525,127.2510118
A,06/07/2017 20:33:12,37.3308525,127.2510118
A,06/07/2017 20:33:18,37.3305161,127.2504869
A,06/07/2017 20:33:38,37.3305161,127.2504869
A,06/07/2017 20:34:08,37.3305161,127.2504869
A,06/07/2017 20:34:31,37.3303593,127.2502401
A,06/07/2017 20:34:45,37.3305161,127.2504869
A,06/07/2017 20:35:15,37.3305161,127.2504869
A,06/07/2017 20:35:45,37.3305161,127.2504869
A,06/07/2017 20:36:15,37.3305161,127.2504869
A,06/07/2017 20:36:49,37.3307249,127.2505102
A,06/07/2017 20:37:05,37.3307249,127.2505102
A,06/07/2017 20:37:18,37.3309054,127.2506303
A,06/07/2017 20:37:48,37.3309054,127.2506303
A,06/07/2017 20:37:58,37.3305161,127.2504869
A,06/07/2017 20:38:04,37.3305161,127.2504869
A,06/07/2017 20:38:12,37.3305161,127.2504869
A,06/07/2017 20:38:22,37.3305161,127.2504869
A,06/07/2017 20:39:09,37.3305161,127.2504869
A,06/07/2017 20:39:41,37.3305161,127.2504869
A,06/07/2017 20:40:10,37.3305161,127.2504869
A,06/07/2017 20:40:40,37.3305161,127.2504869
A,06/07/2017 20:41:11,37.3305161,127.2504869
A,06/07/2017 20:41:41,37.3305161,127.2504869
A,06/07/2017 20:42:11,37.3305161,127.2504869
A,06/07/2017 20:42:41,37.3305161,127.2504869
A,06/07/2017 20:43:13,37.3305161,127.2504869
A,06/07/2017 20:43:39,37.3305161,127.2504869
A,06/07/2017 20:43:57,37.3305161,127.2504869
A,06/07/2017 20:44:02,37.3305161,127.2504869
A,06/07/2017 20:44:13,37.3305161,127.2504869
A,06/07/2017 20:44:41,37.3305161,127.2504869
A,06/07/2017 20:45:11,37.3305161,127.2504869
A,06/07/2017 20:45:42,37.3304109,127.2510157
A,06/07/2017 20:46:12,37.3304109,127.2510157
A,06/07/2017 20:46:32,37.3305161,127.2504869
A,06/07/2017 20:46:49,37.3301194,127.2504896
A,06/07/2017 20:47:17,37.3305161,127.2504869
A,06/07/2017 20:47:47,37.3305161,127.2504869
A,06/08/2017 14:24:46,37.3305161,127.2504869
A,06/08/2017 14:25:16,37.3305161,127.2504869
A,06/08/2017 14:25:34,37.3305161,127.2504869
A,06/08/2017 14:25:40,37.3304005,127.2506793
A,06/08/2017 14:25:51,37.3305161,127.2504869
A,06/08/2017 14:26:21,37.3305161,127.2504869
A,06/08/2017 14:27:02,37.3305984,127.2500955
A,06/08/2017 14:27:17,37.3309119,127.251879
A,06/08/2017 14:27:35,37.3305161,127.2504869
A,06/08/2017 14:27:42,37.3305161,127.2504869
A,06/08/2017 14:27:54,37.3306091,127.2506453
A,06/08/2017 14:28:12,37.3305161,127.2504869
A,06/08/2017 14:28:39,37.3303019,127.2507068
A,06/08/2017 14:29:03,37.3305161,127.2504869
A,06/08/2017 14:29:22,37.3305009,127.2505379
A,06/08/2017 14:30:00,37.3305009,127.2505379
A,06/08/2017 14:30:15,37.3305161,127.2504869
A,06/08/2017 14:30:23,37.3308857,127.2504434
A,06/08/2017 14:30:31,37.3305161,127.2504869
A,06/08/2017 14:30:50,37.3305161,127.2504869
A,06/08/2017 14:31:20,37.3305161,127.2504869
A,06/08/2017 14:32:01,37.3304069,127.2503538
A,06/08/2017 14:32:10,37.3305717,127.2505045
A,06/08/2017 14:32:37,37.3305161,127.2504869
A,06/08/2017 14:32:55,37.330114,127.2501102
A,06/08/2017 14:33:17,37.3300871,127.2525669
A,06/08/2017 14:33:39,37.3305195,127.2506924
A,06/08/2017 14:33:51,37.3305161,127.2504869
A,06/08/2017 14:34:21,37.3305161,127.2504869
A,06/08/2017 14:34:42,37.330555,127.2503184
A,06/08/2017 14:34:55,37.3305161,127.2504869
A,06/08/2017 14:35:23,37.3308931,127.2508901
A,06/08/2017 14:35:34,37.3305057,127.250466
A,06/08/2017 14:35:55,37.3305057,127.250466
A,06/08/2017 14:36:15,37.3307479,127.2508865
A,06/08/2017 14:36:53,37.3305884,127.2505024
A,06/08/2017 14:37:03,37.3305884,127.2505024
A,06/08/2017 14:37:26,37.3305884,127.2505024
A,06/08/2017 14:37:34,37.330638,127.2504088
A,06/08/2017 14:37:39,37.330638,127.2504088
A,06/08/2017 14:38:04,37.330638,127.2504088
A,06/08/2017 14:38:12,37.3305748,127.2503865
A,06/08/2017 14:38:25,37.3305748,127.2503865
A,06/08/2017 14:39:03,37.3305748,127.2503865
A,06/08/2017 14:39:10,37.3305149,127.2504319
A,06/08/2017 14:39:33,37.3305149,127.2504319
A,06/08/2017 14:39:41,37.3305057,127.250466
A,06/08/2017 14:40:01,37.330594,127.2504214
A,06/08/2017 14:40:13,37.3305819,127.2501106
A,06/08/2017 14:40:38,37.3306328,127.2499225
A,06/08/2017 14:40:59,37.3307253,127.249818
A,06/08/2017 14:41:32,37.3330023,127.2485531
A,06/08/2017 14:41:35,37.3308206,127.2500015
A,06/08/2017 14:42:02,37.3301512,127.2468807
A,06/08/2017 14:42:11,37.3306186,127.250345
A,06/08/2017 14:42:30,37.3306186,127.250345
A,06/08/2017 14:42:49,37.3322997,127.2492311
A,06/08/2017 14:43:03,37.3322997,127.2492311
A,06/08/2017 14:43:35,37.3342567,127.2411941
A,06/08/2017 14:43:39,37.3328648,127.2496449
A,06/08/2017 14:44:06,37.3328648,127.2496449
A,06/08/2017 14:44:17,37.3331671,127.2497722
A,06/08/2017 14:44:37,37.3331671,127.2497722
A,06/08/2017 14:45:02,37.3342181,127.2502857
A,06/08/2017 14:45:34,37.3342181,127.2502857
A,06/08/2017 14:45:39,37.3341709,127.2503662
A,06/08/2017 14:45:55,37.3341709,127.2503662
A,06/08/2017 14:46:28,37.3341709,127.2503662
A,06/08/2017 14:46:34,37.3348972,127.2497873
A,06/08/2017 14:46:59,37.3351457,127.2482187
A,06/08/2017 14:47:15,37.3350241,127.2492468
A,06/08/2017 14:47:30,37.3370871,127.2492221
A,06/08/2017 14:48:02,37.3370871,127.2492221
A,06/08/2017 14:48:06,37.335682,127.2496626
A,06/08/2017 14:48:34,37.3370871,127.2492221
A,06/08/2017 14:48:44,37.336535,127.2496536
A,06/08/2017 14:49:05,37.3370871,127.2492221
A,06/08/2017 14:49:31,37.3370191,127.2493787
A,06/08/2017 14:50:13,37.3370871,127.2492221
A,06/08/2017 14:50:17,37.3372909,127.2500625
A,06/08/2017 14:50:35,37.3370871,127.2492221
A,06/08/2017 14:50:55,37.3370871,127.2492221
A,06/08/2017 14:51:25,37.3370871,127.2492221
A,06/08/2017 14:51:41,37.3370871,127.2492221
A,06/08/2017 14:52:03,37.3358975,127.2544587
A,06/08/2017 14:52:31,37.3354004,127.2568077
A,06/08/2017 14:53:10,37.3361188,127.2626838
A,06/08/2017 14:53:45,37.3361366,127.2626107
A,06/08/2017 14:53:52,37.3363214,127.2634118
A,06/08/2017 14:54:17,37.3376596,127.2677522
A,06/08/2017 14:54:30,37.3368499,127.2675996
A,06/08/2017 14:54:50,37.3373385,127.2680866
A,06/08/2017 14:55:04,37.3371059,127.2681615
A,06/08/2017 14:55:22,37.337215,127.2681284
A,06/08/2017 14:55:53,37.3375415,127.2678776
A,06/08/2017 14:56:12,37.3375649,127.2679612
A,06/08/2017 14:56:45,37.3375469,127.2679612
A,06/08/2017 14:57:16,37.337479,127.2676791
A,06/08/2017 14:57:47,37.3374685,127.267585
A,06/08/2017 14:58:15,37.3374504,127.267585
A,06/08/2017 14:58:48,37.3374504,127.267585
A,06/08/2017 14:59:20,37.3374736,127.2675955
A,06/08/2017 14:59:50,37.3374504,127.267585
A,06/08/2017 15:00:21,37.3374504,127.267585
A,06/08/2017 15:00:51,37.3374504,127.267585
A,06/08/2017 15:01:11,37.3374504,127.267585
A,06/08/2017 15:01:41,37.3374736,127.2675955
A,06/08/2017 15:02:11,37.3374736,127.2675955
A,06/08/2017 15:02:42,37.3374736,127.2675955
A,06/08/2017 15:03:12,37.3374736,127.2675955
A,06/08/2017 15:03:41,37.3374736,127.2675955
A,06/08/2017 15:04:11,37.3374736,127.2675955
A,06/08/2017 15:04:41,37.3374736,127.2675955
A,06/08/2017 15:05:12,37.3374736,127.2675955
A,06/08/2017 15:05:42,37.3374736,127.2675955
A,06/08/2017 15:06:02,37.3374736,127.2675955
A,06/08/2017 15:06:32,37.3374736,127.2675955
A,06/08/2017 15:07:00,37.3374736,127.2675955
A,06/08/2017 15:07:07,37.3374736,127.2675955
A,06/08/2017 15:07:36,37.3374685,127.267585
A,06/08/2017 15:08:07,37.3374736,127.2675955
A,06/08/2017 15:08:38,37.3374685,127.267585
A,06/08/2017 15:09:10,37.3374685,127.267585
A,06/08/2017 15:09:19,37.3374685,127.267585
A,06/08/2017 15:09:42,37.3374736,127.2675955
A,06/08/2017 15:10:12,37.3374736,127.2675955
A,06/08/2017 15:10:31,37.3374504,127.267585
A,06/08/2017 15:10:52,37.342351,127.2660638
A,06/08/2017 15:11:23,37.3374504,127.267585
A,06/08/2017 15:11:46,37.3370281,127.2676282
A,06/08/2017 15:11:59,37.3374504,127.267585
A,06/08/2017 15:12:30,37.3374504,127.267585
A,06/08/2017 15:12:48,37.3378925,127.2677084
A,06/08/2017 15:13:01,37.3374504,127.267585
A,06/08/2017 15:13:31,37.3374504,127.267585
A,06/08/2017 15:14:02,37.3374504,127.267585
A,06/08/2017 15:14:32,37.3374504,127.267585
A,06/08/2017 15:15:02,37.3370355,127.2679755
A,06/08/2017 15:15:34,37.3374504,127.267585
A,06/08/2017 15:15:48,37.3379979,127.2673678
A,06/08/2017 15:16:23,37.3379979,127.2673678
A,06/08/2017 15:16:29,37.3374504,127.267585
A,06/08/2017 15:16:59,37.3374504,127.267585
A,06/08/2017 15:17:32,37.3374504,127.267585
A,06/08/2017 15:18:02,37.3374736,127.2675955
A,06/08/2017 15:18:32,37.3374736,127.2675955
A,06/08/2017 15:19:02,37.3374685,127.267585
A,06/08/2017 15:19:36,37.3374736,127.2675955
A,06/08/2017 15:20:07,37.3372119,127.2679792
A,06/08/2017 15:20:38,37.3374504,127.267585
A,06/08/2017 15:20:59,37.3374685,127.267585
A,06/08/2017 15:21:29,37.3374685,127.267585
A,06/08/2017 15:22:04,37.3374736,127.2675955
A,06/08/2017 15:22:35,37.3374685,127.267585
A,06/08/2017 15:23:05,37.3374504,127.267585
A,06/08/2017 15:23:35,37.3374504,127.267585
A,06/08/2017 15:24:05,37.3374504,127.267585
A,06/08/2017 15:24:35,37.3374504,127.267585
A,06/08/2017 15:25:05,37.3374504,127.267585
A,06/08/2017 15:25:35,37.3374685,127.267585
A,06/08/2017 15:25:56,37.3374504,127.267585
A,06/08/2017 15:26:21,37.3374504,127.267585
A,06/08/2017 15:26:51,37.3374504,127.267585
A,06/08/2017 15:27:02,37.3374504,127.267585
A,06/08/2017 15:27:26,37.3374504,127.267585
A,06/08/2017 15:27:35,37.3374504,127.267585
A,06/08/2017 15:28:05,37.3374504,127.267585
A,06/08/2017 15:28:36,37.3374736,127.2675955
A,06/08/2017 15:28:52,37.3374736,127.2675955
A,06/08/2017 15:29:06,37.3374504,127.267585
A,06/08/2017 15:29:35,37.3374504,127.267585
A,06/08/2017 15:30:05,37.3374608,127.2676059
A,06/08/2017 15:30:29,37.3373215,127.2672202
A,06/08/2017 15:30:59,37.3373215,127.2672202
A,06/08/2017 15:31:04,37.3374504,127.267585
A,06/08/2017 15:31:19,37.3374504,127.267585
A,06/08/2017 15:31:41,37.3381687,127.2676907
A,06/08/2017 15:31:55,37.3381687,127.2676907
A,06/08/2017 15:32:12,37.3381687,127.2676907
A,06/08/2017 15:32:26,37.3374736,127.2675955
A,06/08/2017 15:32:44,37.3374736,127.2675955
A,06/08/2017 15:33:04,37.3374504,127.267585
A,06/08/2017 15:33:15,37.3375969,127.2683414
A,06/08/2017 15:33:41,37.3375969,127.2683414
A,06/08/2017 15:33:51,37.3375969,127.2683414
A,06/08/2017 15:34:23,37.3375969,127.2683414
A,06/08/2017 15:34:54,37.3374504,127.267585
A,06/08/2017 15:35:04,37.3374504,127.267585
A,06/08/2017 15:35:24,37.3374736,127.2675955
A,06/08/2017 15:36:00,37.3365685,127.2685945
A,06/08/2017 15:36:24,37.3374504,127.267585
A,06/08/2017 15:36:56,37.337606,127.2677267
A,06/08/2017 15:37:22,37.3374736,127.2678456
A,06/08/2017 15:38:00,37.3374736,127.2678456
A,06/08/2017 15:38:32,37.3374504,127.267585
A,06/08/2017 15:38:38,37.3367069,127.2674423
A,06/08/2017 15:39:05,37.3367069,127.2674423
A,06/08/2017 15:39:15,37.3367069,127.2674423
A,06/08/2017 15:39:46,37.3374736,127.2675955
A,06/08/2017 15:40:16,37.3374504,127.267585
A,06/08/2017 15:40:46,37.337915,127.2680146
A,06/08/2017 15:41:07,37.3374736,127.2675955
A,06/08/2017 15:41:36,37.337915,127.2670515
A,06/08/2017 15:42:26,37.337915,127.2670515
A,06/08/2017 15:42:56,37.3374736,127.2675955
A,06/08/2017 15:43:05,37.3374504,127.267585
A,06/08/2017 15:43:28,37.3374504,127.267585
A,06/08/2017 15:43:34,37.3374504,127.267585
A,06/08/2017 15:44:28,37.3377463,127.2675189
A,06/08/2017 15:44:48,37.3377927,127.2678427
A,06/08/2017 15:45:05,37.3377927,127.2678427
A,06/08/2017 15:45:29,37.3377927,127.2678427
A,06/08/2017 15:45:44,37.3375,127.2676883
A,06/08/2017 15:46:29,37.3375,127.2676883
A,06/08/2017 15:46:45,37.3375802,127.2679443
A,06/08/2017 15:47:05,37.3375802,127.2679443
A,06/08/2017 15:47:26,37.3375802,127.2679443
A,06/08/2017 15:47:36,37.3374504,127.267585
A,06/08/2017 15:47:42,37.3375969,127.2677264
A,06/08/2017 15:48:12,37.3375969,127.2677264
A,06/08/2017 15:48:42,37.3374504,127.267585
A,06/08/2017 15:49:06,37.3352546,127.2674858
A,06/08/2017 15:49:28,37.3352546,127.2674858
A,06/08/2017 15:49:59,37.3352546,127.2674858
A,06/08/2017 15:50:30,37.3374504,127.267585
A,06/08/2017 15:50:40,37.3374984,127.2674459
A,06/08/2017 15:51:06,37.3374984,127.2674459
A,06/08/2017 15:51:16,37.3374984,127.2674459
A,06/08/2017 15:51:47,37.3374504,127.267585
A,06/08/2017 15:52:17,37.3374504,127.267585
A,06/08/2017 15:52:26,37.3374504,127.267585
A,06/08/2017 15:53:06,37.3371353,127.2679368
A,06/08/2017 15:53:19,37.3374504,127.267585
A,06/08/2017 15:53:47,37.3374504,127.267585
A,06/08/2017 15:54:02,37.3377458,127.2677764
A,06/08/2017 15:54:33,37.3377458,127.2677764
A,06/08/2017 15:54:55,37.337679,127.2678422
A,06/08/2017 15:55:03,37.337679,127.2678422
A,06/08/2017 15:55:25,37.3374736,127.2675955
A,06/08/2017 15:55:33,37.3374736,127.2675955
A,06/08/2017 15:55:42,37.3360195,127.2639379
A,06/08/2017 15:56:03,37.3360195,127.2639379
A,06/08/2017 15:56:12,37.3374504,127.267585
A,06/08/2017 15:56:35,37.3374691,127.267893
A,06/08/2017 15:57:06,37.3374691,127.267893
A,06/08/2017 15:57:41,37.3374736,127.2675955
A,06/08/2017 15:58:19,37.3375655,127.2678047
A,06/08/2017 15:58:35,37.3362329,127.2684697
A,06/08/2017 15:58:51,37.3362329,127.2684697
A,06/08/2017 15:59:06,37.3374736,127.2675955
A,06/08/2017 15:59:22,37.3374736,127.2675955
A,06/08/2017 15:59:51,37.3374736,127.2675955
A,06/08/2017 16:00:21,37.3374736,127.2675955
A,06/08/2017 16:00:34,37.3374736,127.2675955
A,06/08/2017 16:00:51,37.3374736,127.2675955
A,06/08/2017 16:01:04,37.3374736,127.2675955
A,06/08/2017 16:01:21,37.3374736,127.2675955
A,06/08/2017 16:01:34,37.3374736,127.2675955
A,06/08/2017 16:01:51,37.3374736,127.2675955
A,06/08/2017 16:02:04,37.3374736,127.2675955
A,06/08/2017 16:02:21,37.3374736,127.2675955
A,06/08/2017 16:02:27,37.3374736,127.2675955
A,06/08/2017 16:02:34,37.3374736,127.2675955
A,06/08/2017 16:02:51,37.3374736,127.2675955
A,06/08/2017 16:02:57,37.3374736,127.2675955
A,06/08/2017 16:03:04,37.3374736,127.2675955
A,06/08/2017 16:03:21,37.3374736,127.2675955
A,06/08/2017 16:03:27,37.3374736,127.2675955
A,06/08/2017 16:03:34,37.3374736,127.2675955
A,06/08/2017 16:03:51,37.3374736,127.2675955
A,06/08/2017 16:03:57,37.3374736,127.2675955
A,06/08/2017 16:04:04,37.3374736,127.2675955
A,06/08/2017 16:04:21,37.3374736,127.2675955
A,06/08/2017 16:04:27,37.3374736,127.2675955
A,06/08/2017 16:04:34,37.3374736,127.2675955
A,06/08/2017 16:04:51,37.3374736,127.2675955
A,06/08/2017 16:04:58,37.3374736,127.2675955
A,06/08/2017 16:05:04,37.3374736,127.2675955
A,06/08/2017 16:05:21,37.3374736,127.2675955
A,06/08/2017 16:05:28,37.3374736,127.2675955
A,06/08/2017 16:05:34,37.3374736,127.2675955
A,06/08/2017 16:05:48,37.3374736,127.2675955
A,06/08/2017 16:05:58,37.3374736,127.2675955
A,06/08/2017 16:06:18,37.3374736,127.2675955
A,06/08/2017 16:06:28,37.3374504,127.267585
A,06/08/2017 16:06:50,37.3374504,127.267585
A,06/08/2017 16:06:58,37.3374633,127.2675746
A,06/08/2017 16:07:07,37.3374633,127.2675746
A,06/08/2017 16:07:14,37.3374633,127.2675746
A,06/08/2017 16:07:20,37.3374633,127.2675746
A,06/08/2017 16:07:28,37.3374633,127.2675746
A,06/08/2017 16:07:43,37.3374608,127.2676059
A,06/08/2017 16:07:50,37.3374608,127.2676059
A,06/08/2017 16:08:13,37.3374608,127.2676059
A,06/08/2017 16:08:20,37.3374761,127.2675641
A,06/08/2017 16:08:43,37.3374633,127.2675746
A,06/08/2017 16:08:56,37.3374633,127.2675746
A,06/08/2017 16:09:17,37.3374633,127.2675746
A,06/08/2017 16:09:29,37.3374504,127.267585
A,06/08/2017 16:09:50,37.3374736,127.2675955
A,06/08/2017 16:09:59,37.3374736,127.2675955
A,06/08/2017 16:10:17,37.3374736,127.2675955
A,06/08/2017 16:10:29,37.3374736,127.2675955
A,06/08/2017 16:10:47,37.3374736,127.2675955
A,06/08/2017 16:10:59,37.3374736,127.2675955
A,06/08/2017 16:11:11,37.3374736,127.2675955
A,06/08/2017 16:11:17,37.3374736,127.2675955
A,06/08/2017 16:11:29,37.3374736,127.2675955
A,06/08/2017 16:11:41,37.3374736,127.2675955
A,06/08/2017 16:11:47,37.3374736,127.2675955
A,06/08/2017 16:11:59,37.3374736,127.2675955
A,06/08/2017 16:12:11,37.3374736,127.2675955
A,06/08/2017 16:12:17,37.3374736,127.2675955
A,06/08/2017 16:12:29,37.3374736,127.2675955
A,06/08/2017 16:12:41,37.3374736,127.2675955
A,06/08/2017 16:12:47,37.3374736,127.2675955
A,06/08/2017 16:12:59,37.3374736,127.2675955
A,06/08/2017 16:13:11,37.3374736,127.2675955
A,06/08/2017 16:13:17,37.3374736,127.2675955
A,06/08/2017 16:13:29,37.3374736,127.2675955
A,06/08/2017 16:13:42,37.3374736,127.2675955
A,06/08/2017 16:13:47,37.3374736,127.2675955
A,06/08/2017 16:13:59,37.3374736,127.2675955
A,06/08/2017 16:14:12,37.3374736,127.2675955
A,06/08/2017 16:14:17,37.3374736,127.2675955
A,06/08/2017 16:14:29,37.3374736,127.2675955
A,06/08/2017 16:14:39,37.3374736,127.2675955
A,06/08/2017 16:14:47,37.3374736,127.2675955
A,06/08/2017 16:14:59,37.3374736,127.2675955
A,06/08/2017 16:15:10,37.3374736,127.2675955
A,06/08/2017 16:15:17,37.3374736,127.2675955
A,06/08/2017 16:15:39,37.3374736,127.2675955
A,06/08/2017 16:15:47,37.3374736,127.2675955
A,06/08/2017 16:16:00,37.3374736,127.2675955
A,06/08/2017 16:16:09,37.3374736,127.2675955
A,06/08/2017 16:16:17,37.3374736,127.2675955
A,06/08/2017 16:16:30,37.3374736,127.2675955
A,06/08/2017 16:16:39,37.3374736,127.2675955
A,06/08/2017 16:16:47,37.3374736,127.2675955
A,06/08/2017 16:17:01,37.3374736,127.2675955
A,06/08/2017 16:17:09,37.3374736,127.2675955
A,06/08/2017 16:17:31,37.3374736,127.2675955
A,06/08/2017 16:17:39,37.3374504,127.267585
A,06/08/2017 16:18:01,37.3374504,127.267585
A,06/08/2017 16:18:09,37.3374504,127.267585
A,06/08/2017 16:18:31,37.3374504,127.267585
A,06/08/2017 16:18:39,37.3375045,127.267585
A,06/08/2017 16:19:01,37.3375045,127.267585
A,06/08/2017 16:19:09,37.3375059,127.2646067
A,06/08/2017 16:19:32,37.3375059,127.2646067
A,06/08/2017 16:19:39,37.3374761,127.2675641
A,06/08/2017 16:20:02,37.3374761,127.2675641
A,06/08/2017 16:20:09,37.3374942,127.2675641
A,06/08/2017 16:20:32,37.3374942,127.2675641
A,06/08/2017 16:20:39,37.3374736,127.2675955
A,06/08/2017 16:20:51,37.3374736,127.2675955
A,06/08/2017 16:21:05,37.3374736,127.2675955
A,06/08/2017 16:21:22,37.3374736,127.2675955
A,06/08/2017 16:21:35,37.3374504,127.267585
A,06/08/2017 16:21:53,37.3374504,127.267585
A,06/08/2017 16:22:05,37.3374504,127.267585
A,06/08/2017 16:22:23,37.3374504,127.267585
A,06/08/2017 16:22:35,37.3374736,127.2675955
A,06/08/2017 16:22:53,37.3374736,127.2675955
A,06/08/2017 16:23:05,37.3374736,127.2675955
A,06/08/2017 16:23:24,37.3374736,127.2675955
A,06/08/2017 16:23:35,37.3374736,127.2675955
A,06/08/2017 16:23:54,37.3374736,127.2675955
A,06/08/2017 16:24:05,37.3374504,127.267585
A,06/08/2017 16:24:24,37.3374504,127.267585
A,06/08/2017 16:24:35,37.3374504,127.267585
A,06/08/2017 16:24:54,37.3374504,127.267585
A,06/08/2017 16:25:05,37.3374736,127.2675955
A,06/08/2017 16:25:23,37.3374736,127.2675955
A,06/08/2017 16:25:34,37.3374736,127.2675955
A,06/08/2017 16:25:53,37.3374736,127.2675955
A,06/08/2017 16:26:04,37.3374736,127.2675955
A,06/08/2017 16:26:23,37.3374736,127.2675955
A,06/08/2017 16:26:34,37.3374736,127.2675955
A,06/08/2017 16:26:54,37.3374736,127.2675955
A,06/08/2017 16:27:04,37.3374736,127.2675955
A,06/08/2017 16:27:24,37.3374736,127.2675955
A,06/08/2017 16:27:34,37.3374736,127.2675955
A,06/08/2017 16:27:54,37.3374736,127.2675955
A,06/08/2017 16:27:59,37.3374736,127.2675955
A,06/08/2017 16:28:05,37.3374736,127.2675955
A,06/08/2017 16:28:24,37.3374736,127.2675955
A,06/08/2017 16:28:29,37.3374736,127.2675955
A,06/08/2017 16:28:35,37.3374736,127.2675955
A,06/08/2017 16:28:54,37.3374736,127.2675955
A,06/08/2017 16:28:59,37.3374736,127.2675955
A,06/08/2017 16:29:05,37.3374736,127.2675955
A,06/08/2017 16:29:24,37.3374736,127.2675955
A,06/08/2017 16:29:29,37.3374736,127.2675955
A,06/08/2017 16:29:35,37.3374608,127.2676059
A,06/08/2017 16:29:54,37.3374608,127.2676059
A,06/08/2017 16:29:59,37.3374608,127.2676059
A,06/08/2017 16:30:05,37.3374504,127.267585
A,06/08/2017 16:30:24,37.3374504,127.267585
A,06/08/2017 16:30:31,37.3374504,127.267585
A,06/08/2017 16:30:51,37.3374504,127.267585
A,06/08/2017 16:30:58,37.3374504,127.267585
A,06/08/2017 16:31:04,37.3374504,127.267585
A,06/08/2017 16:31:21,37.3374504,127.267585
A,06/08/2017 16:31:28,37.3374504,127.267585
A,06/08/2017 16:31:34,37.3374504,127.267585
A,06/08/2017 16:31:52,37.3374504,127.267585
A,06/08/2017 16:31:58,37.3374504,127.267585
A,06/08/2017 16:32:04,37.3374504,127.267585
A,06/08/2017 16:32:22,37.3374504,127.267585
A,06/08/2017 16:32:28,37.3374736,127.2675955
A,06/08/2017 16:32:34,37.3374736,127.2675955
A,06/08/2017 16:32:52,37.3374736,127.2675955
A,06/08/2017 16:32:58,37.3374736,127.2675955
A,06/08/2017 16:33:04,37.3374736,127.2675955
A,06/08/2017 16:33:22,37.3374736,127.2675955
A,06/08/2017 16:33:28,37.3374736,127.2675955
A,06/08/2017 16:33:34,37.3374736,127.2675955
A,06/08/2017 16:33:52,37.3374736,127.2675955
A,06/08/2017 16:33:58,37.3374734,127.2675223
A,06/08/2017 16:34:04,37.3374734,127.2675223
A,06/08/2017 16:34:23,37.3374734,127.2675223
A,06/08/2017 16:34:28,37.3374633,127.2675746
A,06/08/2017 16:34:34,37.3374633,127.2675746
A,06/08/2017 16:34:53,37.3374633,127.2675746
A,06/08/2017 16:34:58,37.3374633,127.2675746
A,06/08/2017 16:35:04,37.3374633,127.2675746
A,06/08/2017 16:35:23,37.3374633,127.2675746
A,06/08/2017 16:35:28,37.3374658,127.2675432
A,06/08/2017 16:35:34,37.3374658,127.2675432
A,06/08/2017 16:35:53,37.3374658,127.2675432
A,06/08/2017 16:35:59,37.3374658,127.2675432
A,06/08/2017 16:36:04,37.3374658,127.2675432
A,06/08/2017 16:36:23,37.3374658,127.2675432
A,06/08/2017 16:36:29,37.3374761,127.2675641
A,06/08/2017 16:36:34,37.3374761,127.2675641
A,06/08/2017 16:36:54,37.3374761,127.2675641
A,06/08/2017 16:37:04,37.3374581,127.2675641
A,06/08/2017 16:37:24,37.3374581,127.2675641
A,06/08/2017 16:37:34,37.3374633,127.2675746
A,06/08/2017 16:37:54,37.3374633,127.2675746
A,06/08/2017 16:38:00,37.3374633,127.2675746
A,06/08/2017 16:38:24,37.3374633,127.2675746
A,06/08/2017 16:38:30,37.3375379,127.2675432
A,06/08/2017 16:38:54,37.3375379,127.2675432
A,06/08/2017 16:39:00,37.3375302,127.2675641
A,06/08/2017 16:39:24,37.3375302,127.2675641
A,06/08/2017 16:39:30,37.3375302,127.2675641
A,06/08/2017 16:39:41,37.3375302,127.2675641
A,06/08/2017 16:39:48,37.3375302,127.2675641
A,06/08/2017 16:39:54,37.3374736,127.2675955
A,06/08/2017 16:40:18,37.3374736,127.2675955
A,06/08/2017 16:40:48,37.3374736,127.2675955
A,06/08/2017 16:40:58,37.3374736,127.2675955
A,06/08/2017 16:41:08,37.3374736,127.2675955
A,06/08/2017 16:41:38,37.3374736,127.2675955
A,06/08/2017 16:41:44,37.3374736,127.2675955
A,06/08/2017 16:42:09,37.3374736,127.2675955
A,06/08/2017 16:42:26,37.3374736,127.2675955
A,06/08/2017 16:42:39,37.3374736,127.2675955
A,06/08/2017 16:43:07,37.3374736,127.2675955
A,06/08/2017 16:43:21,37.3374736,127.2675955
A,06/08/2017 16:43:38,37.3374736,127.2675955
A,06/08/2017 16:43:48,37.3368602,127.2682446
A,06/08/2017 16:44:03,37.3368602,127.2682446
A,06/08/2017 16:44:13,37.3368602,127.2682446
A,06/08/2017 16:44:23,37.3374736,127.2675955
A,06/08/2017 16:44:40,37.3378622,127.2681735
A,06/08/2017 16:45:08,37.3378622,127.2681735
A,06/08/2017 16:45:18,37.3378622,127.2681735
A,06/08/2017 16:45:44,37.3374736,127.2675955
A,06/08/2017 16:45:51,37.3374504,127.267585
A,06/08/2017 16:46:14,37.3374685,127.267585
A,06/08/2017 16:46:34,37.3377503,127.2699306
A,06/08/2017 16:46:44,37.3374633,127.2675746
A,06/08/2017 16:47:09,37.3374633,127.2675746
A,06/08/2017 16:47:14,37.3374736,127.2675955
A,06/08/2017 16:47:39,37.3374736,127.2675955
A,06/08/2017 16:47:45,37.3374736,127.2675955
A,06/08/2017 16:48:00,37.3382315,127.2677872
A,06/08/2017 16:48:10,37.3382315,127.2677872
A,06/08/2017 16:48:39,37.3382315,127.2677872
A,06/08/2017 16:49:09,37.3382315,127.2677872
A,06/08/2017 16:49:40,37.3374736,127.2675955
A,06/08/2017 16:50:10,37.3374736,127.2675955
A,06/08/2017 16:50:29,37.3374736,127.2675955
A,06/08/2017 16:50:40,37.3374736,127.2675955
A,06/08/2017 16:50:49,37.3374736,127.2675955
A,06/08/2017 16:50:59,37.3374736,127.2675955
A,06/08/2017 16:51:10,37.3374736,127.2675955
A,06/08/2017 16:51:19,37.3374736,127.2675955
A,06/08/2017 16:51:29,37.3374736,127.2675955
A,06/08/2017 16:51:40,37.3374736,127.2675955
A,06/08/2017 16:51:48,37.3374736,127.2675955
A,06/08/2017 16:51:59,37.3374504,127.267585
A,06/08/2017 16:52:10,37.3374504,127.267585
A,06/08/2017 16:52:18,37.3374736,127.2675955
A,06/08/2017 16:52:29,37.3374736,127.2675955
A,06/08/2017 16:52:40,37.3374736,127.2675955
A,06/08/2017 16:52:48,37.3374736,127.2675955
A,06/08/2017 16:52:59,37.3374736,127.2675955
A,06/08/2017 16:53:10,37.3374736,127.2675955
A,06/08/2017 16:53:18,37.3374736,127.2675955
A,06/08/2017 16:53:29,37.3374736,127.2675955
A,06/08/2017 16:53:40,37.3374736,127.2675955
A,06/08/2017 16:53:48,37.3374736,127.2675955
A,06/08/2017 16:53:59,37.3374736,127.2675955
A,06/08/2017 16:54:10,37.3374736,127.2675955
A,06/08/2017 16:54:18,37.3374736,127.2675955
A,06/08/2017 16:54:25,37.3374504,127.267585
A,06/08/2017 16:54:41,37.3374504,127.267585
A,06/08/2017 16:54:48,37.3374504,127.267585
A,06/08/2017 16:54:55,37.3374504,127.267585
A,06/08/2017 16:55:11,37.3374504,127.267585
A,06/08/2017 16:55:18,37.3374504,127.267585
A,06/08/2017 16:55:26,37.3374504,127.267585
A,06/08/2017 16:55:32,37.3374504,127.267585
A,06/08/2017 16:55:41,37.3374504,127.267585
A,06/08/2017 16:55:49,37.3374504,127.267585
A,06/08/2017 16:55:56,37.3374504,127.267585
A,06/08/2017 16:56:02,37.3374504,127.267585
A,06/08/2017 16:56:11,37.3374504,127.267585
A,06/08/2017 16:56:18,37.3374504,127.267585
A,06/08/2017 16:56:26,37.3374504,127.267585
A,06/08/2017 16:56:32,37.3374504,127.267585
A,06/08/2017 16:56:41,37.3374504,127.267585
A,06/08/2017 16:56:49,37.3374504,127.267585
A,06/08/2017 16:56:56,37.337462,127.2675903
A,06/08/2017 16:57:02,37.337462,127.2675903
A,06/08/2017 16:57:11,37.337462,127.2675903
A,06/08/2017 16:57:20,37.337462,127.2675903
A,06/08/2017 16:57:26,37.3374736,127.2675955
A,06/08/2017 16:57:32,37.3374736,127.2675955
A,06/08/2017 16:57:41,37.3374736,127.2675955
A,06/08/2017 16:57:50,37.3374736,127.2675955
A,06/08/2017 16:57:56,37.3374736,127.2675955
A,06/08/2017 16:58:02,37.3374736,127.2675955
A,06/08/2017 16:58:11,37.3374736,127.2675955
A,06/08/2017 16:58:20,37.3374736,127.2675955
A,06/08/2017 16:58:26,37.3374736,127.2675955
A,06/08/2017 16:58:32,37.3374736,127.2675955
A,06/08/2017 16:58:41,37.3374736,127.2675955
A,06/08/2017 16:58:51,37.3374736,127.2675955
A,06/08/2017 16:58:56,37.3374736,127.2675955
A,06/08/2017 16:59:02,37.3374736,127.2675955
A,06/08/2017 16:59:11,37.3374736,127.2675955
A,06/08/2017 16:59:21,37.3374736,127.2675955
A,06/08/2017 16:59:26,37.3374736,127.2675955
A,06/08/2017 16:59:32,37.3374736,127.2675955
A,06/08/2017 16:59:41,37.3374736,127.2675955
A,06/08/2017 16:59:51,37.3374736,127.2675955
A,06/08/2017 16:59:59,37.3374736,127.2675955
A,06/08/2017 17:00:11,37.3374736,127.2675955
A,06/08/2017 17:00:21,37.3374736,127.2675955
A,06/08/2017 17:00:29,37.3374736,127.2675955
A,06/08/2017 17:00:41,37.3374736,127.2675955
A,06/08/2017 17:00:51,37.3374736,127.2675955
A,06/08/2017 17:00:59,37.3374736,127.2675955
A,06/08/2017 17:01:18,37.3374736,127.2675955
A,06/08/2017 17:01:29,37.3374736,127.2675955
A,06/08/2017 17:01:48,37.3374736,127.2675955
A,06/08/2017 17:01:59,37.3374736,127.2675955
A,06/08/2017 17:02:18,37.3374736,127.2675955
A,06/08/2017 17:02:29,37.3374736,127.2675955
A,06/08/2017 17:02:50,37.3374736,127.2675955
A,06/08/2017 17:02:59,37.3374736,127.2675955
A,06/08/2017 17:03:20,37.3374736,127.2675955
A,06/08/2017 17:03:29,37.3374736,127.2675955
A,06/08/2017 17:03:50,37.3374736,127.2675955
A,06/08/2017 17:03:59,37.3374736,127.2675955
A,06/08/2017 17:04:20,37.3374736,127.2675955
A,06/08/2017 17:04:29,37.3374736,127.2675955
A,06/08/2017 17:04:50,37.3374736,127.2675955
A,06/08/2017 17:04:59,37.3374736,127.2675955
A,06/08/2017 17:05:23,37.3374736,127.2675955
A,06/08/2017 17:05:24,37.3374736,127.2675955
A,06/08/2017 17:05:29,37.3374736,127.2675955
A,06/08/2017 17:05:53,37.3374736,127.2675955
A,06/08/2017 17:05:59,37.3374504,127.267585
A,06/08/2017 17:06:11,37.3374736,127.2675955
A,06/08/2017 17:06:24,37.3374736,127.2675955
A,06/08/2017 17:06:29,37.3374736,127.2675955
A,06/08/2017 17:06:41,37.3374736,127.2675955
A,06/08/2017 17:06:54,37.3374736,127.2675955
A,06/08/2017 17:06:59,37.3374736,127.2675955
A,06/08/2017 17:07:14,37.3374736,127.2675955
A,06/08/2017 17:07:24,37.3374736,127.2675955
A,06/08/2017 17:07:44,37.3374736,127.2675955
A,06/08/2017 17:07:54,37.3374736,127.2675955
A,06/08/2017 17:08:14,37.3374736,127.2675955
A,06/08/2017 17:08:24,37.3374324,127.267585
A,06/08/2017 17:08:45,37.3374324,127.267585
A,06/08/2017 17:08:54,37.3374633,127.2675746
A,06/08/2017 17:09:15,37.3374633,127.2675746
A,06/08/2017 17:09:24,37.3374633,127.2675746
A,06/08/2017 17:09:45,37.3374633,127.2675746
A,06/08/2017 17:09:54,37.3374736,127.2675955
A,06/08/2017 17:10:15,37.3374736,127.2675955
A,06/08/2017 17:10:24,37.3374504,127.267585
A,06/08/2017 17:10:45,37.3374504,127.267585
A,06/08/2017 17:10:54,37.3374504,127.267585
A,06/08/2017 17:11:06,37.3374504,127.267585
A,06/08/2017 17:11:16,37.3374504,127.267585
A,06/08/2017 17:11:24,37.3374504,127.267585
A,06/08/2017 17:11:36,37.3374504,127.267585
A,06/08/2017 17:11:46,37.3374504,127.267585
A,06/08/2017 17:11:54,37.3374504,127.267585
A,06/08/2017 17:12:07,37.3374504,127.267585
A,06/08/2017 17:12:16,37.3374736,127.2675955
A,06/08/2017 17:12:24,37.3374736,127.2675955
A,06/08/2017 17:12:37,37.3374736,127.2675955
A,06/08/2017 17:12:46,37.3374504,127.267585
A,06/08/2017 17:12:54,37.3374504,127.267585
A,06/08/2017 17:13:07,37.3374504,127.267585
A,06/08/2017 17:13:16,37.3374504,127.267585
A,06/08/2017 17:13:24,37.3374504,127.267585
A,06/08/2017 17:13:37,37.3374736,127.2675955
A,06/08/2017 17:13:46,37.3374736,127.2675955
A,06/08/2017 17:13:54,37.3374736,127.2675955
A,06/08/2017 17:14:07,37.3374736,127.2675955
A,06/08/2017 17:14:17,37.3374736,127.2675955
A,06/08/2017 17:14:24,37.3374736,127.2675955
A,06/08/2017 17:14:37,37.3374736,127.2675955
A,06/08/2017 17:14:47,37.3374736,127.2675955
A,06/08/2017 17:14:54,37.3374736,127.2675955
A,06/08/2017 17:15:07,37.3374736,127.2675955
A,06/08/2017 17:15:17,37.3374736,127.2675955
A,06/08/2017 17:15:24,37.3374736,127.2675955
A,06/08/2017 17:15:37,37.3374736,127.2675955
A,06/08/2017 17:15:47,37.3374504,127.267585
A,06/08/2017 17:15:54,37.3374504,127.267585
A,06/08/2017 17:16:00,37.3374504,127.267585
A,06/08/2017 17:16:07,37.3374504,127.267585
A,06/08/2017 17:16:17,37.3374504,127.267585
A,06/08/2017 17:16:30,37.3374504,127.267585
A,06/08/2017 17:16:37,37.3374736,127.2675955
A,06/08/2017 17:16:47,37.3374736,127.2675955
A,06/08/2017 17:17:01,37.3374736,127.2675955
A,06/08/2017 17:17:07,37.3374736,127.2675955
A,06/08/2017 17:17:17,37.3374736,127.2675955
A,06/08/2017 17:17:31,37.3374736,127.2675955
A,06/08/2017 17:17:37,37.3374736,127.2675955
A,06/08/2017 17:17:47,37.3374736,127.2675955
A,06/08/2017 17:18:01,37.3374736,127.2675955
A,06/08/2017 17:18:02,37.3374736,127.2675955
A,06/08/2017 17:18:07,37.3374736,127.2675955
A,06/08/2017 17:18:31,37.3374736,127.2675955
A,06/08/2017 17:18:37,37.3374736,127.2675955
A,06/08/2017 17:19:01,37.3374736,127.2675955
A,06/08/2017 17:19:07,37.3374736,127.2675955
A,06/08/2017 17:19:31,37.3374736,127.2675955
A,06/08/2017 17:19:37,37.3374736,127.2675955
A,06/08/2017 17:20:01,37.3374736,127.2675955
A,06/08/2017 17:20:07,37.3374736,127.2675955
A,06/08/2017 17:20:31,37.3374736,127.2675955
A,06/08/2017 17:20:37,37.3374736,127.2675955
A,06/08/2017 17:20:52,37.3374736,127.2675955
A,06/08/2017 17:21:01,37.3374736,127.2675955
A,06/08/2017 17:21:07,37.3374736,127.2675955
A,06/08/2017 17:21:22,37.3374736,127.2675955
A,06/08/2017 17:21:31,37.3374736,127.2675955
A,06/08/2017 17:21:37,37.3374736,127.2675955
A,06/08/2017 17:21:53,37.3374736,127.2675955
A,06/08/2017 17:22:01,37.3374736,127.2675955
A,06/08/2017 17:22:08,37.3374736,127.2675955
A,06/08/2017 17:22:23,37.3374736,127.2675955
A,06/08/2017 17:22:31,37.3374736,127.2675955
A,06/08/2017 17:22:52,37.3374736,127.2675955
A,06/08/2017 17:23:01,37.3374736,127.2675955
A,06/08/2017 17:23:22,37.3374736,127.2675955
A,06/08/2017 17:23:31,37.3374736,127.2675955
A,06/08/2017 17:23:52,37.3374736,127.2675955
A,06/08/2017 17:24:01,37.3374736,127.2675955
A,06/08/2017 17:24:26,37.3374736,127.2675955
A,06/08/2017 17:24:33,37.3374736,127.2675955
A,06/08/2017 17:24:56,37.3374736,127.2675955
A,06/08/2017 17:25:03,37.3374736,127.2675955
A,06/08/2017 17:25:27,37.3374736,127.2675955
A,06/08/2017 17:25:33,37.3374736,127.2675955
A,06/08/2017 17:25:49,37.3374736,127.2675955
A,06/08/2017 17:25:57,37.3374736,127.2675955
A,06/08/2017 17:26:03,37.3374736,127.2675955
A,06/08/2017 17:26:19,37.3374736,127.2675955
A,06/08/2017 17:26:27,37.3374736,127.2675955
A,06/08/2017 17:26:33,37.3374736,127.2675955
A,06/08/2017 17:26:54,37.3374736,127.2675955
A,06/08/2017 17:27:09,37.3374736,127.2675955
A,06/08/2017 17:27:22,37.3374736,127.2675955
A,06/08/2017 17:27:38,37.3374736,127.2675955
A,06/08/2017 17:27:56,37.3374736,127.2675955
A,06/08/2017 17:28:09,37.3374736,127.2675955
A,06/08/2017 17:28:21,37.3374736,127.2675955
A,06/08/2017 17:28:26,37.3374736,127.2675955
A,06/08/2017 17:28:43,37.3374736,127.2675955
A,06/08/2017 17:28:53,37.3374736,127.2675955
A,06/08/2017 17:29:04,37.3374736,127.2675955
A,06/08/2017 17:29:23,37.3374736,127.2675955
A,06/08/2017 17:29:53,37.3374736,127.2675955
A,06/08/2017 17:30:05,37.3393031,127.2669769
A,06/08/2017 17:30:29,37.3393031,127.2669769
A,06/08/2017 17:30:35,37.3374504,127.267585
A,06/08/2017 17:30:52,37.3374736,127.2675955
A,06/08/2017 17:30:55,37.3378347,127.2682611
A,06/08/2017 17:31:02,37.3378347,127.2682611
A,06/08/2017 17:31:07,37.3378347,127.2682611
A,06/08/2017 17:31:16,37.3374504,127.267585
A,06/08/2017 17:31:25,37.3374504,127.267585
A,06/08/2017 17:31:32,37.3374504,127.267585
A,06/08/2017 17:31:43,37.3373033,127.2679924
A,06/08/2017 17:31:55,37.3373033,127.2679924
A,06/08/2017 17:32:02,37.3373033,127.2679924
A,06/08/2017 17:32:13,37.3373033,127.2679924
A,06/08/2017 17:32:25,37.3374736,127.2675955
A,06/08/2017 17:32:32,37.3374736,127.2675955
A,06/08/2017 17:32:43,37.3374736,127.2675955
A,06/08/2017 17:32:55,37.3374736,127.2675955
A,06/08/2017 17:33:10,37.3374736,127.2675955
A,06/08/2017 17:33:16,37.3374736,127.2675955
A,06/08/2017 17:33:25,37.3374736,127.2675955
A,06/08/2017 17:33:33,37.3369174,127.2679392
A,06/08/2017 17:33:40,37.3369174,127.2679392
A,06/08/2017 17:33:45,37.3374504,127.267585
A,06/08/2017 17:33:55,37.3374504,127.267585
A,06/08/2017 17:34:07,37.3374504,127.267585
A,06/08/2017 17:34:17,37.3374504,127.267585
A,06/08/2017 17:34:47,37.3374736,127.2675955
A,06/08/2017 17:34:53,37.3375337,127.2674661
A,06/08/2017 17:35:09,37.3375337,127.2674661
A,06/08/2017 17:35:19,37.3375337,127.2674661
A,06/08/2017 17:35:29,37.3374504,127.267585
A,06/08/2017 17:35:50,37.3374736,127.2675955
A,06/08/2017 17:36:07,37.3374736,127.2675955
A,06/08/2017 17:36:20,37.3374736,127.2675955
A,06/08/2017 17:36:50,37.3374736,127.2675955
A,06/08/2017 17:37:09,37.3374736,127.2675955
A,06/08/2017 17:37:20,37.3374736,127.2675955
A,06/08/2017 17:37:27,37.3374504,127.267585
A,06/08/2017 17:37:48,37.3365161,127.2687963
A,06/08/2017 17:38:00,37.3365161,127.2687963
A,06/08/2017 17:38:18,37.3374504,127.267585
A,06/08/2017 17:38:30,37.3374504,127.267585
A,06/08/2017 17:38:48,37.3374504,127.267585
A,06/08/2017 17:39:00,37.3374504,127.267585
A,06/08/2017 17:39:08,37.3374504,127.267585
A,06/08/2017 17:39:18,37.3374736,127.2675955
A,06/08/2017 17:39:30,37.3376249,127.2673143
A,06/08/2017 17:39:38,37.3376249,127.2673143
A,06/08/2017 17:39:54,37.3374942,127.2675641
A,06/08/2017 17:40:03,37.3374942,127.2675641
A,06/08/2017 17:40:21,37.3374942,127.2675641
A,06/08/2017 17:40:51,37.3374942,127.2675641
A,06/08/2017 17:41:09,37.3374942,127.2675641
A,06/08/2017 17:41:42,37.3374942,127.2675641
A,06/08/2017 17:41:47,37.3375251,127.2675537
A,06/08/2017 17:42:12,37.3375251,127.2675537
A,06/08/2017 17:42:17,37.3375379,127.2675432
A,06/08/2017 17:42:41,37.3374504,127.267585
A,06/08/2017 17:43:10,37.3374736,127.2675955
A,06/08/2017 17:43:11,37.3374736,127.2675955
A,06/08/2017 17:43:43,37.3374504,127.267585
A,06/08/2017 17:43:51,37.3374504,127.267585
A,06/08/2017 17:44:11,37.3374504,127.267585
A,06/08/2017 17:44:13,37.3359813,127.2676633
A,06/08/2017 17:44:21,37.3359813,127.2676633
A,06/08/2017 17:44:44,37.3359813,127.2676633
A,06/08/2017 17:44:51,37.3375018,127.2675432
A,06/08/2017 17:45:02,37.3375816,127.2677353
A,06/08/2017 17:45:14,37.3375816,127.2677353
A,06/08/2017 17:45:21,37.3375816,127.2677353
A,06/08/2017 17:45:32,37.3375816,127.2677353
A,06/08/2017 17:45:41,37.3375798,127.2677731
A,06/08/2017 17:45:48,37.337898,127.2679495
A,06/08/2017 17:46:12,37.337898,127.2679495
A,06/08/2017 17:46:18,37.3374504,127.267585
A,06/08/2017 17:46:33,37.3374713,127.2673961
A,06/08/2017 17:46:42,37.3374713,127.2673961
A,06/08/2017 17:46:47,37.3374713,127.2673961
A,06/08/2017 17:46:52,37.3374713,127.2673961
A,06/08/2017 17:46:57,37.3374713,127.2673961
A,06/08/2017 17:47:09,37.3374713,127.2673961
A,06/08/2017 17:47:20,37.3374713,127.2673961
A,06/08/2017 17:47:50,37.3374736,127.2675955
A,06/08/2017 17:48:20,37.3374736,127.2675955
A,06/08/2017 17:48:36,37.3374736,127.2675955
A,06/08/2017 17:48:53,37.3374736,127.2675955
A,06/08/2017 17:49:00,37.3374736,127.2675955
A,06/08/2017 17:49:06,37.3374736,127.2675955
A,06/08/2017 17:49:23,37.3374736,127.2675955
A,06/08/2017 17:49:30,37.3374736,127.2675955
A,06/08/2017 17:49:36,37.3374736,127.2675955
A,06/08/2017 17:49:53,37.3374736,127.2675955
A,06/08/2017 17:49:59,37.3374685,127.267585
A,06/08/2017 17:50:06,37.3374685,127.267585
A,06/08/2017 17:50:23,37.3374685,127.267585
A,06/08/2017 17:50:29,37.3374685,127.267585
A,06/08/2017 17:50:36,37.3374685,127.267585
A,06/08/2017 17:50:53,37.3374685,127.267585
A,06/08/2017 17:50:59,37.3374685,127.267585
A,06/08/2017 17:51:06,37.3374685,127.267585
A,06/08/2017 17:51:23,37.3374685,127.267585
A,06/08/2017 17:51:29,37.3374685,127.267585
A,06/08/2017 17:51:48,37.3374685,127.267585
A,06/08/2017 17:51:57,37.3374581,127.2675641
A,06/08/2017 17:52:19,37.3374581,127.2675641
A,06/08/2017 17:52:24,37.3374427,127.2676059
A,06/08/2017 17:52:29,37.3374427,127.2676059
A,06/08/2017 17:52:49,37.3374427,127.2676059
A,06/08/2017 17:52:54,37.3374633,127.2675746
A,06/08/2017 17:52:59,37.3374633,127.2675746
A,06/08/2017 17:53:23,37.3374633,127.2675746
A,06/08/2017 17:53:29,37.3374685,127.267585
A,06/08/2017 17:53:53,37.3374504,127.267585
A,06/08/2017 17:53:54,37.3374504,127.267585
A,06/08/2017 17:53:59,37.3374504,127.267585
A,06/08/2017 17:54:16,37.3368316,127.2683506
A,06/08/2017 17:54:23,37.3368316,127.2683506
A,06/08/2017 17:54:46,37.3368316,127.2683506
A,06/08/2017 17:54:53,37.3368316,127.2683506
A,06/08/2017 17:54:58,37.3368316,127.2683506
A,06/08/2017 17:55:15,37.3383007,127.26765
A,06/08/2017 17:55:29,37.3383007,127.26765
A,06/08/2017 17:55:45,37.3374736,127.2675955
A,06/08/2017 17:55:59,37.3374736,127.2675955
A,06/08/2017 17:56:18,37.3374736,127.2675955
A,06/08/2017 17:56:26,37.3374504,127.267585
A,06/08/2017 17:56:36,37.3374504,127.267585
A,06/08/2017 17:56:54,37.3374504,127.267585
A,06/08/2017 17:57:02,37.3374504,127.267585
A,06/08/2017 17:57:24,37.3374504,127.267585
A,06/08/2017 17:57:32,37.3374504,127.267585
A,06/08/2017 17:57:56,37.3374504,127.267585
A,06/08/2017 17:58:02,37.3374685,127.267585
A,06/08/2017 17:58:30,37.3374685,127.267585
A,06/08/2017 17:58:36,37.3374504,127.267585
A,06/08/2017 17:59:00,37.3374504,127.267585
A,06/08/2017 17:59:06,37.3374504,127.267585
A,06/08/2017 17:59:30,37.3374504,127.267585
A,06/08/2017 17:59:36,37.3374736,127.2675955
A,06/08/2017 18:00:01,37.3374736,127.2675955
A,06/08/2017 18:00:31,37.3374504,127.267585
A,06/08/2017 18:00:53,37.3374504,127.267585
A,06/08/2017 18:01:02,37.3374504,127.267585
A,06/08/2017 18:01:23,37.3374504,127.267585
A,06/08/2017 18:01:32,37.3374504,127.267585
A,06/08/2017 18:01:52,37.3374504,127.267585
A,06/08/2017 18:01:53,37.3374504,127.267585
A,06/08/2017 18:02:02,37.3374504,127.267585
A,06/08/2017 18:02:19,37.3388005,127.2673757
A,06/08/2017 18:02:32,37.3388005,127.2673757
A,06/08/2017 18:02:49,37.3388005,127.2673757
A,06/08/2017 18:03:02,37.3388005,127.2673757
A,06/08/2017 18:03:11,37.3374145,127.2680825
A,06/08/2017 18:03:19,37.3374145,127.2680825
A,06/08/2017 18:03:28,37.3374145,127.2680825
A,06/08/2017 18:03:41,37.3374504,127.267585
A,06/08/2017 18:03:49,37.3374504,127.267585
A,06/08/2017 18:04:05,37.3374504,127.267585
A,06/08/2017 18:04:19,37.3388088,127.2709562
A,06/08/2017 18:04:28,37.3388088,127.2709562
A,06/08/2017 18:04:43,37.3388088,127.2709562
A,06/08/2017 18:04:58,37.3375226,127.267585
A,06/08/2017 18:05:05,37.3375226,127.267585
A,06/08/2017 18:05:20,37.3375226,127.267585
A,06/08/2017 18:05:35,37.3404761,127.2695718
A,06/08/2017 18:05:58,37.3404761,127.2695718
A,06/08/2017 18:06:18,37.3391774,127.2700314
A,06/08/2017 18:06:36,37.3391774,127.2700314
A,06/08/2017 18:06:48,37.3391774,127.2700314
A,06/08/2017 18:07:03,37.3378853,127.2678087
A,06/08/2017 18:07:10,37.3378853,127.2678087
A,06/08/2017 18:07:27,37.3378853,127.2678087
A,06/08/2017 18:07:43,37.3374736,127.2675955
A,06/08/2017 18:08:01,37.3374736,127.2675955
A,06/08/2017 18:08:16,37.3374736,127.2675955
A,06/08/2017 18:08:31,37.3374736,127.2675955
A,06/08/2017 18:08:37,37.3374736,127.2675955
A,06/08/2017 18:08:45,37.3369699,127.2679826
A,06/08/2017 18:09:01,37.3369699,127.2679826
A,06/08/2017 18:09:10,37.3374736,127.2675955
A,06/08/2017 18:09:16,37.3374736,127.2675955
A,06/08/2017 18:09:27,37.3375104,127.2674211
A,06/08/2017 18:09:36,37.3374736,127.2675955
A,06/08/2017 18:09:53,37.3374736,127.2675955
A,06/08/2017 18:10:09,37.3374736,127.2675955
A,06/08/2017 18:10:23,37.3374736,127.2675955
A,06/08/2017 18:10:47,37.3380704,127.2679017
A,06/08/2017 18:11:00,37.3374736,127.2675955
A,06/08/2017 18:11:08,37.3374736,127.2675955
A,06/08/2017 18:11:17,37.3374736,127.2675955
A,06/08/2017 18:11:23,37.3380553,127.2682355
A,06/08/2017 18:11:30,37.3380553,127.2682355
A,06/08/2017 18:11:38,37.3374736,127.2675955
A,06/08/2017 18:11:47,37.3374736,127.2675955
A,06/08/2017 18:11:53,37.3374736,127.2675955
A,06/08/2017 18:12:05,37.3374736,127.2675955
A,06/08/2017 18:12:17,37.3374736,127.2675955
A,06/08/2017 18:12:23,37.3374736,127.2675955
A,06/08/2017 18:12:33,37.3349221,127.2688434
A,06/08/2017 18:12:40,37.3349221,127.2688434
A,06/08/2017 18:12:47,37.3349221,127.2688434
A,06/08/2017 18:13:03,37.3349221,127.2688434
A,06/08/2017 18:13:10,37.3349221,127.2688434
A,06/08/2017 18:13:17,37.3349221,127.2688434
A,06/08/2017 18:13:33,37.3349221,127.2688434
A,06/08/2017 18:13:40,37.3374736,127.2675955
A,06/08/2017 18:13:47,37.3374736,127.2675955
A,06/08/2017 18:14:03,37.3374736,127.2675955
A,06/08/2017 18:14:08,37.3374736,127.2675955
A,06/08/2017 18:14:17,37.3374736,127.2675955
A,06/08/2017 18:14:33,37.3374736,127.2675955
A,06/08/2017 18:14:38,37.3374736,127.2675955
A,06/08/2017 18:14:47,37.3374736,127.2675955
A,06/08/2017 18:15:03,37.3374736,127.2675955
A,06/08/2017 18:15:08,37.3371166,127.2676386
A,06/08/2017 18:15:17,37.3371166,127.2676386
A,06/08/2017 18:15:33,37.3374736,127.2675955
A,06/08/2017 18:15:38,37.3374736,127.2675955
A,06/08/2017 18:15:47,37.3374736,127.2675955
A,06/08/2017 18:15:55,37.3378348,127.2679194
A,06/08/2017 18:16:03,37.3378348,127.2679194
A,06/08/2017 18:16:12,37.3378348,127.2679194
A,06/08/2017 18:16:17,37.3378348,127.2679194
A,06/08/2017 18:16:25,37.3378348,127.2679194
A,06/08/2017 18:16:31,37.3374736,127.2675955
A,06/08/2017 18:16:38,37.3374736,127.2675955
A,06/08/2017 18:16:47,37.3374736,127.2675955
A,06/08/2017 18:17:01,37.3374736,127.2675955
A,06/08/2017 18:17:08,37.3375059,127.2646067
A,06/08/2017 18:17:17,37.3375059,127.2646067
A,06/08/2017 18:17:31,37.3375059,127.2646067
A,06/08/2017 18:17:36,37.3388057,127.2673896
A,06/08/2017 18:17:42,37.3388057,127.2673896
A,06/08/2017 18:18:05,37.3374736,127.2675955
A,06/08/2017 18:18:12,37.3374736,127.2675955
A,06/08/2017 18:18:19,37.3375069,127.2677086
A,06/08/2017 18:18:33,37.3375069,127.2677086
A,06/08/2017 18:18:38,37.3375069,127.2677086
A,06/08/2017 18:18:49,37.3375069,127.2677086
A,06/08/2017 18:19:03,37.3375069,127.2677086
A,06/08/2017 18:19:08,37.3374736,127.2675955
A,06/08/2017 18:19:19,37.3374736,127.2675955
A,06/08/2017 18:19:33,37.3374736,127.2675955
A,06/08/2017 18:19:38,37.3374736,127.2675955
A,06/08/2017 18:19:49,37.3374736,127.2675955
A,06/08/2017 18:20:03,37.3374736,127.2675955
A,06/08/2017 18:20:12,37.3374736,127.2675955
A,06/08/2017 18:20:19,37.3374736,127.2675955
A,06/08/2017 18:20:33,37.3374736,127.2675955
A,06/08/2017 18:20:38,37.3374736,127.2675955
A,06/08/2017 18:20:49,37.3374736,127.2675955
A,06/08/2017 18:21:03,37.3374736,127.2675955
A,06/08/2017 18:21:08,37.3374736,127.2675955
A,06/08/2017 18:21:23,37.3374736,127.2675955
A,06/08/2017 18:21:33,37.3374736,127.2675955
A,06/08/2017 18:21:38,37.3374736,127.2675955
A,06/08/2017 18:21:53,37.3374736,127.2675955
A,06/08/2017 18:22:03,37.3374504,127.267585
A,06/08/2017 18:22:08,37.3374504,127.267585
A,06/08/2017 18:22:23,37.3374504,127.267585
A,06/08/2017 18:22:33,37.3374504,127.267585
A,06/08/2017 18:22:38,37.3374504,127.267585
A,06/08/2017 18:22:46,37.3377011,127.2667627
A,06/08/2017 18:22:53,37.3377011,127.2667627
A,06/08/2017 18:23:03,37.3374736,127.2675955
A,06/08/2017 18:23:16,37.3374736,127.2675955
A,06/08/2017 18:23:28,37.3374736,127.2675955
A,06/08/2017 18:23:35,37.3374736,127.2675955
A,06/08/2017 18:23:43,37.337514,127.2680976
A,06/08/2017 18:23:50,37.337514,127.2680976
A,06/08/2017 18:24:02,37.337514,127.2680976
A,06/08/2017 18:24:13,37.337514,127.2680976
A,06/08/2017 18:24:20,37.337514,127.2680976
A,06/08/2017 18:24:30,37.3374736,127.2675955
A,06/08/2017 18:24:43,37.3374736,127.2675955
A,06/08/2017 18:25:00,37.3378824,127.267928
A,06/08/2017 18:25:14,37.3374736,127.2675955
A,06/08/2017 18:25:30,37.3374736,127.2675955
A,06/08/2017 18:25:44,37.3374736,127.2675955
A,06/08/2017 18:25:50,37.3374736,127.2675955
A,06/08/2017 18:26:00,37.3382948,127.2696666
A,06/08/2017 18:26:14,37.3382948,127.2696666
A,06/10/2017 02:26:33,37.2501743,127.0801829
A,06/10/2017 02:27:03,37.2501743,127.0801829
A,06/10/2017 02:27:34,37.2501743,127.0801829
A,06/10/2017 02:27:40,37.2501743,127.0801829
A,06/10/2017 02:28:08,37.2501743,127.0801829
A,06/10/2017 02:28:38,37.2501743,127.0801829
A,06/10/2017 02:29:11,37.2501743,127.0801829
A,06/10/2017 02:29:41,37.2501743,127.0801829
A,06/10/2017 02:29:58,37.2501743,127.0801829
A,06/10/2017 02:30:16,37.2501743,127.0801829
A,06/10/2017 02:30:46,37.2501743,127.0801829
A,06/10/2017 02:31:20,37.2501743,127.0801829
A,06/10/2017 02:31:50,37.2501743,127.0801829
A,06/10/2017 02:32:21,37.2501743,127.0801829
A,06/10/2017 02:32:50,37.2501743,127.0801829
A,06/10/2017 02:33:20,37.2501743,127.0801829
A,06/10/2017 02:33:53,37.2501743,127.0801829
A,06/10/2017 02:34:20,37.2501743,127.0801829
A,06/10/2017 02:34:50,37.2501743,127.0801829
A,06/10/2017 02:35:01,37.2501743,127.0801829
A,06/10/2017 02:35:21,37.2501743,127.0801829
A,06/10/2017 02:35:50,37.2501743,127.0801829
A,06/10/2017 02:36:20,37.2501743,127.0801829
A,06/10/2017 02:36:51,37.2501743,127.0801829
A,06/10/2017 02:37:21,37.2501743,127.0801829
A,06/10/2017 02:37:51,37.2501743,127.0801829
A,06/10/2017 02:37:57,37.2501743,127.0801829
A,06/10/2017 02:38:27,37.2501743,127.0801829
A,06/10/2017 02:38:55,37.2501743,127.0801829
A,06/10/2017 02:39:26,37.2501743,127.0801829
A,06/10/2017 02:39:55,37.2501743,127.0801829
A,06/10/2017 02:40:16,37.2501743,127.0801829
A,06/10/2017 02:40:46,37.2501743,127.0801829
A,06/10/2017 02:41:16,37.2501743,127.0801829
A,06/10/2017 02:41:46,37.2501743,127.0801829
A,06/10/2017 02:42:16,37.2501743,127.0801829
A,06/10/2017 02:42:46,37.2501743,127.0801829
A,06/10/2017 02:43:16,37.2501743,127.0801829
A,06/10/2017 02:43:47,37.2501743,127.0801829
A,06/10/2017 02:44:17,37.2501743,127.0801829
A,06/10/2017 02:44:51,37.2501743,127.0801829
A,06/10/2017 02:45:13,37.2501743,127.0801829
A,06/10/2017 02:45:21,37.2501743,127.0801829
A,06/10/2017 02:45:43,37.2501743,127.0801829
A,06/10/2017 02:45:51,37.2501743,127.0801829
A,06/10/2017 02:46:18,37.2501743,127.0801829
A,06/10/2017 02:46:48,37.2501743,127.0801829
A,06/10/2017 02:47:18,37.2501743,127.0801829
A,06/10/2017 02:47:48,37.2501743,127.0801829
A,06/10/2017 02:48:18,37.2501743,127.0801829
A,06/10/2017 02:48:48,37.2501743,127.0801829
A,06/10/2017 02:49:18,37.2501743,127.0801829
A,06/10/2017 02:49:47,37.2501743,127.0801829
A,06/10/2017 02:49:57,37.2501743,127.0801829
A,06/10/2017 02:50:17,37.2501743,127.0801829
A,06/10/2017 02:50:27,37.2501743,127.0801829
A,06/10/2017 02:50:47,37.2501743,127.0801829
A,06/10/2017 02:50:57,37.2501743,127.0801829
A,06/10/2017 02:51:20,37.2501743,127.0801829
A,06/10/2017 02:51:27,37.2501743,127.0801829
A,06/10/2017 02:51:51,37.2501743,127.0801829
A,06/10/2017 02:51:57,37.2501743,127.0801829
A,06/10/2017 02:52:21,37.2501743,127.0801829
A,06/10/2017 02:52:27,37.2501743,127.0801829
A,06/10/2017 02:52:47,37.2501743,127.0801829
A,06/10/2017 02:52:51,37.2501743,127.0801829
A,06/10/2017 02:53:17,37.2501743,127.0801829
A,06/10/2017 02:53:47,37.2501743,127.0801829
A,06/10/2017 02:54:21,37.2501743,127.0801829
A,06/10/2017 02:54:52,37.2501743,127.0801829
A,06/10/2017 02:55:22,37.2501743,127.0801829
A,06/10/2017 02:55:42,37.2501743,127.0801829
A,06/10/2017 02:56:12,37.2501743,127.0801829
A,06/10/2017 02:56:45,37.2501743,127.0801829
A,06/10/2017 02:57:13,37.2501743,127.0801829
A,06/10/2017 02:57:44,37.2501743,127.0801829
A,06/10/2017 02:58:17,37.2501743,127.0801829
A,06/10/2017 02:58:47,37.2501743,127.0801829
A,06/10/2017 02:59:18,37.2501743,127.0801829
A,06/10/2017 02:59:45,37.2501743,127.0801829
A,06/10/2017 02:59:55,37.2501743,127.0801829
A,06/10/2017 03:00:15,37.2501743,127.0801829
A,06/10/2017 03:00:45,37.2501743,127.0801829
A,06/10/2017 03:01:15,37.2501743,127.0801829
A,06/10/2017 03:01:45,37.2501743,127.0801829
A,06/10/2017 03:02:17,37.2501743,127.0801829
A,06/10/2017 03:02:47,37.2501743,127.0801829
A,06/10/2017 03:03:17,37.2501743,127.0801829
A,06/10/2017 03:03:47,37.2501743,127.0801829
A,06/10/2017 03:04:17,37.2501743,127.0801829
A,06/10/2017 03:04:47,37.2501743,127.0801829
A,06/10/2017 03:05:11,37.2501743,127.0801829
A,06/10/2017 03:05:18,37.2501743,127.0801829
A,06/10/2017 03:05:28,37.2501743,127.0801829
A,06/10/2017 03:05:41,37.2501743,127.0801829
A,06/10/2017 03:05:57,37.2501743,127.0801829
A,06/10/2017 03:06:27,37.2501743,127.0801829
A,06/10/2017 03:06:57,37.2501743,127.0801829
A,06/10/2017 03:07:30,37.2501743,127.0801829
A,06/10/2017 03:07:46,37.2501743,127.0801829
A,06/10/2017 03:08:11,37.2501743,127.0801829
A,06/10/2017 03:08:21,37.2501743,127.0801829
A,06/10/2017 03:08:31,37.2501743,127.0801829
A,06/10/2017 03:08:41,37.2501477,127.0800572
A,06/10/2017 03:08:56,37.2501477,127.0800572
A,06/10/2017 03:09:11,37.2501477,127.0800572
A,06/10/2017 03:09:35,37.2500762,127.0802039
A,06/10/2017 03:09:53,37.2500762,127.0802039
A,06/10/2017 03:10:08,37.2500762,127.0802039
A,06/10/2017 03:10:17,37.2500762,127.0802039
A,06/10/2017 03:10:23,37.2500762,127.0802039
A,06/10/2017 03:10:29,37.2500762,127.0802039
A,06/10/2017 03:10:44,37.2500762,127.0802039
A,06/10/2017 03:10:50,37.2500762,127.0802039
A,06/10/2017 03:11:01,37.2500762,127.0802039
A,06/10/2017 03:11:14,37.2500762,127.0802039
A,06/10/2017 03:11:26,37.2500762,127.0802039
A,06/10/2017 03:11:46,37.2500762,127.0802039
A,06/10/2017 03:12:00,37.2500762,127.0802039
A,06/10/2017 03:12:17,37.2500762,127.0802039
A,06/10/2017 03:12:31,37.2500762,127.0802039
A,06/10/2017 03:12:47,37.2500762,127.0802039
A,06/10/2017 03:13:01,37.2500762,127.0802039
A,06/10/2017 03:13:17,37.2500762,127.0802039
A,06/10/2017 03:13:32,37.2500762,127.0802039
A,06/10/2017 03:13:48,37.2500762,127.0802039
A,06/10/2017 03:14:03,37.2500762,127.0802039
A,06/10/2017 03:14:19,37.2500762,127.0802039
A,06/10/2017 03:14:33,37.2500762,127.0802039
A,06/10/2017 03:14:49,37.2500762,127.0802039
A,06/10/2017 03:15:05,37.2500762,127.0802039
A,06/10/2017 03:15:26,37.2500762,127.0802039
A,06/10/2017 03:15:41,37.2500762,127.0802039
A,06/10/2017 03:15:56,37.2500762,127.0802039
A,06/10/2017 03:16:01,37.2500762,127.0802039
A,06/10/2017 03:16:16,37.2500762,127.0802039
A,06/10/2017 03:16:27,37.2500762,127.0802039
A,06/10/2017 03:16:37,37.2500762,127.0802039
A,06/10/2017 03:16:58,37.2500762,127.0802039
A,06/10/2017 03:17:04,37.2505057,127.0798822
A,06/10/2017 03:17:37,37.2505057,127.0798822
A,06/10/2017 03:18:02,37.2498765,127.0824814
A,06/10/2017 03:18:16,37.2498765,127.0824814
A,06/10/2017 03:18:48,37.2498765,127.0824814
A,06/10/2017 03:19:19,37.2500762,127.0802039
A,06/10/2017 03:19:45,37.2500762,127.0802039
A,06/10/2017 03:20:12,37.2500762,127.0802039
A,06/10/2017 03:20:32,37.2500762,127.0802039
A,06/10/2017 03:20:51,37.2501477,127.0800572
A,06/10/2017 03:21:03,37.2501562,127.0801829
A,06/10/2017 03:21:32,37.2501562,127.0801829
A,06/10/2017 03:21:44,37.2504082,127.0820825
A,06/10/2017 03:22:33,37.2504082,127.0820825
A,06/10/2017 03:22:59,37.2506518,127.0807729
A,06/10/2017 03:23:09,37.2506518,127.0807729
A,06/10/2017 03:23:33,37.2506518,127.0807729
A,06/10/2017 03:23:59,37.2502429,127.080457
A,06/10/2017 03:24:51,37.2502429,127.080457
A,06/10/2017 03:25:21,37.2501477,127.0800572
A,06/10/2017 03:25:41,37.2501486,127.0802039
A,06/10/2017 03:25:53,37.2501486,127.0802039
A,06/10/2017 03:26:13,37.2501486,127.0802039
A,06/10/2017 03:26:27,37.2501562,127.0801829
A,06/10/2017 03:26:44,37.2501477,127.0800572
A,06/10/2017 03:26:51,37.2501477,127.0800572
A,06/10/2017 03:27:13,37.2501477,127.0800572
A,06/10/2017 03:27:43,37.2501562,127.0801829
A,06/10/2017 03:27:52,37.2501486,127.0802039
A,06/10/2017 03:28:14,37.2501486,127.0802039
A,06/10/2017 03:28:38,37.2501486,127.0802039
A,06/10/2017 03:28:45,37.2501486,127.0802039
A,06/10/2017 03:28:51,37.2501486,127.0802039
A,06/10/2017 03:29:14,37.2501486,127.0802039
A,06/10/2017 03:29:24,37.2501477,127.0800572
A,06/10/2017 03:29:45,37.2501486,127.0802039
A,06/10/2017 03:30:14,37.2501486,127.0802039
A,06/10/2017 03:30:34,37.2501562,127.0801829
A,06/10/2017 03:30:51,37.2501477,127.0800572
A,06/10/2017 03:31:08,37.2501486,127.0802039
A,06/10/2017 03:31:15,37.2501486,127.0802039
A,06/10/2017 03:31:35,37.2501486,127.0802039
A,06/10/2017 03:31:42,37.2501562,127.0801829
A,06/10/2017 03:32:05,37.2501562,127.0801829
A,06/10/2017 03:32:35,37.2501486,127.0802039
A,06/10/2017 03:32:45,37.2501486,127.0802039
A,06/10/2017 03:33:05,37.2501486,127.0802039
A,06/10/2017 03:33:35,37.2501486,127.0802039
A,06/10/2017 03:34:05,37.2501486,127.0802039
A,06/10/2017 03:34:35,37.2501486,127.0802039
A,06/10/2017 03:34:51,37.2501486,127.0802039
A,06/10/2017 03:35:05,37.2501486,127.0802039
A,06/10/2017 03:35:25,37.2501486,127.0802039
A,06/10/2017 03:35:55,37.2501486,127.0802039
A,06/10/2017 03:36:01,37.2501477,127.0800572
A,06/10/2017 03:36:27,37.2501477,127.0800572
A,06/10/2017 03:36:51,37.2501486,127.0802039
A,06/10/2017 03:36:58,37.2501486,127.0802039
A,06/10/2017 03:37:27,37.2501486,127.0802039
A,06/10/2017 03:38:00,37.2501486,127.0802039
A,06/10/2017 03:38:31,37.2501486,127.0802039
A,06/10/2017 03:38:51,37.2501486,127.0802039
A,06/10/2017 03:39:01,37.2501486,127.0802039
A,06/10/2017 03:39:22,37.2500762,127.0802039
A,06/10/2017 03:39:33,37.2501486,127.0802039
A,06/10/2017 03:39:42,37.2501486,127.0802039
A,06/10/2017 03:40:03,37.2501486,127.0802039
A,06/10/2017 03:40:23,37.2501486,127.0802039
A,06/10/2017 03:40:33,37.2501486,127.0802039
A,06/10/2017 03:40:52,37.2501486,127.0802039
A,06/10/2017 03:41:23,37.2501486,127.0802039
A,06/10/2017 03:41:53,37.2500762,127.0802039
A,06/10/2017 03:42:23,37.2501743,127.0801829
A,06/10/2017 03:42:52,37.2500762,127.0802039
A,06/10/2017 03:43:04,37.2501486,127.0802039
A,06/10/2017 03:43:23,37.2501486,127.0802039
A,06/10/2017 03:43:38,37.2501743,127.0801829
A,06/10/2017 03:43:55,37.2500762,127.0802039
A,06/10/2017 03:44:24,37.2500762,127.0802039
A,06/10/2017 03:44:52,37.2501486,127.0802039
A,06/10/2017 03:45:14,37.2501743,127.0801829
A,06/10/2017 03:45:30,37.2500762,127.0802039
A,06/10/2017 03:45:45,37.2500762,127.0802039
A,06/10/2017 03:46:01,37.2500762,127.0802039
A,06/10/2017 03:46:15,37.2501743,127.0801829
A,06/10/2017 03:46:24,37.2501743,127.0801829
A,06/10/2017 03:46:44,37.2501743,127.0801829
A,06/10/2017 03:46:52,37.2501486,127.0802039
A,06/10/2017 03:47:03,37.2501486,127.0802039
A,06/10/2017 03:47:15,37.2501486,127.0802039
A,06/10/2017 03:47:44,37.2501486,127.0802039
A,06/10/2017 03:48:09,37.2500762,127.0802039
A,06/10/2017 03:48:14,37.2500762,127.0802039
A,06/10/2017 03:48:44,37.2501743,127.0801829
A,06/10/2017 03:48:52,37.2500762,127.0802039
A,06/10/2017 03:49:15,37.2500762,127.0802039
A,06/10/2017 03:49:45,37.2500762,127.0802039
A,06/10/2017 03:49:55,37.2501743,127.0801829
A,06/10/2017 03:50:15,37.2501253,127.0801934
A,06/10/2017 03:50:35,37.2501743,127.0801829
A,06/10/2017 03:50:46,37.2500762,127.0802039
A,06/10/2017 03:50:52,37.2500762,127.0802039
A,06/10/2017 03:51:15,37.2500762,127.0802039
A,06/10/2017 03:51:45,37.2500762,127.0802039
A,06/10/2017 03:52:15,37.2501477,127.0800572
A,06/10/2017 03:52:45,37.2501477,127.0800572
A,06/10/2017 03:52:52,37.2501743,127.0801829
A,06/10/2017 03:53:16,37.2501477,127.0800572
A,06/10/2017 03:53:25,37.2501477,127.0800572
A,06/10/2017 03:53:46,37.2501425,127.0800467
A,06/10/2017 03:54:15,37.2501425,127.0800467
A,06/10/2017 03:54:43,37.2501477,127.0800572
A,06/10/2017 03:54:52,37.2501477,127.0800572
A,06/10/2017 03:55:13,37.2501477,127.0800572
A,06/10/2017 03:55:33,37.2501743,127.0801829
A,06/10/2017 03:56:01,37.2501743,127.0801829
A,06/10/2017 03:56:35,37.2501425,127.0800467
A,06/10/2017 03:57:06,37.2501425,127.0800467
A,06/10/2017 03:57:35,37.2501425,127.0800467
A,06/10/2017 03:58:06,37.2501743,127.0801829
A,06/10/2017 03:58:38,37.2501743,127.0801829
A,06/10/2017 03:59:09,37.2501477,127.0800572
A,06/10/2017 03:59:24,37.2501477,127.0800572
A,06/10/2017 03:59:39,37.2501743,127.0801829
A,06/10/2017 03:59:46,37.2501743,127.0801829
A,06/10/2017 04:00:09,37.2501743,127.0801829
A,06/10/2017 04:00:19,37.2501743,127.0801829
A,06/10/2017 04:00:29,37.2501743,127.0801829
A,06/10/2017 04:00:52,37.2501743,127.0801829
A,06/10/2017 04:01:01,37.2501743,127.0801829
A,06/10/2017 04:01:31,37.2501743,127.0801829
A,06/10/2017 04:02:04,37.2501743,127.0801829
A,06/10/2017 04:02:35,37.2501486,127.0802039
A,06/10/2017 04:02:52,37.2501486,127.0802039
A,06/10/2017 04:03:08,37.2501477,127.0800572
A,06/10/2017 04:03:35,37.2501477,127.0800572
A,06/10/2017 04:03:45,37.2501743,127.0801829
A,06/10/2017 04:04:06,37.2501477,127.0800572
A,06/10/2017 04:04:36,37.2501477,127.0800572
A,06/10/2017 04:04:52,37.2501477,127.0800572
A,06/10/2017 04:05:07,37.2501743,127.0801829
A,06/10/2017 04:05:16,37.2501743,127.0801829
A,06/10/2017 04:05:26,37.2501477,127.0800572
A,06/10/2017 04:05:57,37.2501477,127.0800572
A,06/10/2017 04:06:28,37.2501477,127.0800572
A,06/10/2017 04:06:52,37.2501477,127.0800572
A,06/10/2017 04:06:58,37.2501743,127.0801829
A,06/10/2017 04:07:27,37.2501743,127.0801829
A,06/10/2017 04:08:00,37.2501477,127.0800572
A,06/10/2017 04:08:30,37.2501477,127.0800572
A,06/10/2017 04:08:40,37.2501743,127.0801829
A,06/10/2017 04:09:01,37.2501743,127.0801829
A,06/10/2017 04:09:31,37.2501477,127.0800572
A,06/10/2017 04:10:01,37.2501477,127.0800572
A,06/10/2017 04:10:21,37.2501477,127.0800572
A,06/10/2017 04:10:53,37.2501477,127.0800572
A,06/10/2017 04:11:23,37.2501477,127.0800572
A,06/10/2017 04:11:53,37.2501477,127.0800572
A,06/10/2017 04:12:03,37.2501743,127.0801829
A,06/10/2017 04:12:27,37.2501743,127.0801829
A,06/10/2017 04:12:53,37.2501477,127.0800572
A,06/10/2017 04:12:58,37.2501477,127.0800572
A,06/10/2017 04:13:28,37.2501477,127.0800572
A,06/10/2017 04:13:38,37.2501562,127.0801829
A,06/10/2017 04:14:00,37.2501562,127.0801829
A,06/10/2017 04:14:30,37.2501477,127.0800572
A,06/10/2017 04:14:47,37.2501562,127.0801829
A,06/10/2017 04:15:01,37.2501562,127.0801829
A,06/10/2017 04:15:13,37.2501562,127.0801829
A,06/10/2017 04:15:23,37.2501562,127.0801829
A,06/10/2017 04:15:53,37.2501562,127.0801829
A,06/10/2017 04:16:24,37.2501477,127.0800572
A,06/10/2017 04:16:53,37.2501477,127.0800572
A,06/10/2017 04:17:27,37.2501562,127.0801829
A,06/10/2017 04:18:00,37.2501477,127.0800572
A,06/10/2017 04:18:34,37.2501562,127.0801829
A,06/10/2017 04:18:41,37.2501477,127.0800572
A,06/10/2017 21:26:46,37.2729781,127.0143566
A,06/10/2017 21:26:55,37.2730291,127.014394
A,06/10/2017 21:27:25,37.2730291,127.014394
A,06/10/2017 21:27:35,37.2720335,127.0149556
A,06/10/2017 21:28:05,37.2720335,127.0149556
A,06/10/2017 21:28:13,37.2722485,127.0147114
A,06/10/2017 21:28:43,37.2729905,127.0146712
A,06/10/2017 21:29:00,37.2733668,127.0143913
A,06/10/2017 21:29:30,37.2733668,127.0143913
A,06/10/2017 21:29:36,37.2729905,127.0146712
A,06/10/2017 21:30:03,37.2729905,127.0146712
A,06/10/2017 21:30:12,37.2729683,127.0144096
A,06/10/2017 21:30:27,37.2729905,127.0146712
A,06/10/2017 21:30:57,37.2729905,127.0146712
A,06/10/2017 21:31:29,37.2729336,127.0144327
A,06/10/2017 21:31:52,37.2731363,127.0146392
A,06/10/2017 21:32:22,37.2731363,127.0146392
A,06/10/2017 21:32:44,37.2729781,127.0143566
A,06/10/2017 21:32:50,37.2723502,127.0147437
A,06/10/2017 21:33:20,37.2723502,127.0147437
A,06/10/2017 21:33:40,37.2729905,127.0146712
A,06/10/2017 21:33:56,37.2725495,127.0145692
A,06/10/2017 21:34:14,37.2729905,127.0146712
A,06/10/2017 21:34:44,37.2729905,127.0146712
A,06/10/2017 21:34:52,37.2732398,127.0142775
A,06/10/2017 21:35:24,37.2732398,127.0142775
A,06/10/2017 21:35:30,37.2729905,127.0146712
A,06/10/2017 21:35:40,37.2731938,127.0144922
A,06/10/2017 21:36:02,37.2729905,127.0146712
A,06/10/2017 21:36:32,37.2729905,127.0146712
A,06/10/2017 21:37:05,37.2729215,127.0144709
A,06/10/2017 21:37:22,37.2729905,127.0146712
A,06/10/2017 21:37:31,37.272723,127.0145997
A,06/10/2017 21:38:01,37.272723,127.0145997
A,06/10/2017 21:38:12,37.2734731,127.0141387
A,06/10/2017 21:38:40,37.2729905,127.0146712
A,06/10/2017 21:39:03,37.2731947,127.014257
A,06/10/2017 21:39:44,37.2731947,127.014257
A,06/10/2017 21:39:58,37.2729781,127.0143566
A,06/10/2017 21:40:18,37.2736338,127.0142264
A,06/10/2017 21:40:48,37.2736338,127.0142264
A,06/10/2017 21:41:07,37.2729715,127.0140771
A,06/10/2017 21:41:26,37.2729905,127.0146712
A,06/10/2017 21:41:56,37.2729905,127.0146712
A,06/10/2017 21:42:27,37.2728497,127.0146533
A,06/10/2017 21:42:41,37.2729905,127.0146712
A,06/10/2017 21:43:10,37.273182,127.0143704
A,06/10/2017 21:43:16,37.273182,127.0143704
A,06/10/2017 21:43:37,37.2729905,127.0146712
A,06/10/2017 21:44:07,37.2729905,127.0146712
A,06/10/2017 21:44:14,37.2727691,127.0146327
A,06/10/2017 21:44:44,37.2727691,127.0146327
A,06/10/2017 21:44:54,37.2736384,127.0143447
A,06/10/2017 21:45:04,37.2729905,127.0146712
A,06/10/2017 21:45:24,37.2729905,127.0146712
A,06/10/2017 21:45:46,37.2729568,127.0144374
A,06/10/2017 21:46:04,37.2729905,127.0146712
A,06/10/2017 21:46:34,37.2729905,127.0146712
A,06/10/2017 21:46:39,37.2726552,127.0146043
A,06/10/2017 21:47:10,37.2726552,127.0146043
A,06/10/2017 21:47:17,37.2729781,127.0143566
A,06/10/2017 21:47:46,37.2729781,127.0143566
A,06/10/2017 21:48:01,37.272951,127.0144154
A,06/10/2017 21:48:30,37.2729929,127.0146398
A,06/10/2017 21:48:41,37.273005,127.0144303
A,06/10/2017 21:49:11,37.273005,127.0144303
A,06/10/2017 21:49:45,37.2730127,127.0144605
A,06/10/2017 21:49:53,37.2729705,127.0143776
A,06/10/2017 21:50:18,37.2729981,127.0146503
A,06/10/2017 21:50:38,37.2729705,127.0143776
A,06/10/2017 21:50:44,37.2733169,127.0144706
A,06/10/2017 21:51:14,37.2733169,127.0144706
A,06/10/2017 21:51:28,37.2729981,127.0146503
A,06/10/2017 21:51:58,37.2729781,127.0143566
A,06/10/2017 21:52:12,37.2730763,127.0144209
A,06/10/2017 21:52:43,37.2730763,127.0144209
A,06/10/2017 21:53:00,37.2729781,127.0143566
A,06/10/2017 21:53:32,37.2730802,127.014396
A,06/10/2017 21:53:40,37.2729781,127.0143566
A,06/10/2017 21:54:13,37.273033,127.0144737
A,06/10/2017 21:54:18,37.273072,127.0143756
A,06/10/2017 21:54:48,37.273072,127.0143756
A,06/10/2017 21:54:55,37.2729781,127.0143566
A,06/10/2017 21:55:03,37.2729571,127.0146495
A,06/10/2017 21:55:15,37.2729781,127.0143566
A,06/10/2017 21:55:45,37.2729781,127.0143566
A,06/10/2017 21:56:17,37.2730082,127.0144466
A,06/10/2017 21:56:23,37.2730401,127.0144493
A,06/10/2017 21:56:31,37.2730401,127.0144493
A,06/10/2017 21:56:36,37.2730401,127.0144493
A,06/10/2017 21:56:58,37.2729905,127.0146712
A,06/10/2017 21:57:03,37.2733559,127.0142354
A,06/10/2017 21:57:33,37.2733559,127.0142354
A,06/10/2017 21:57:40,37.2729905,127.0146712
A,06/10/2017 21:57:48,37.2731392,127.0143152
A,06/10/2017 21:58:18,37.2731392,127.0143152
A,06/10/2017 21:58:28,37.2731237,127.0143858
A,06/10/2017 21:58:58,37.2731237,127.0143858
A,06/10/2017 21:59:10,37.2768972,127.0173872
A,06/10/2017 21:59:11,37.2730369,127.0146272
A,06/10/2017 21:59:40,37.2729781,127.0143566
A,06/10/2017 21:59:51,37.272744,127.0139445
A,06/10/2017 22:00:01,37.2729781,127.0143566
A,06/10/2017 22:00:20,37.2729781,127.0143566
A,06/10/2017 22:00:40,37.2735161,127.013972
A,06/10/2017 22:01:02,37.2729781,127.0143566
A,06/10/2017 22:01:24,37.2731862,127.014339
A,06/10/2017 22:01:48,37.2729981,127.0146503
A,06/10/2017 22:02:04,37.2731676,127.0143043
A,06/10/2017 22:02:34,37.2731676,127.0143043
A,06/10/2017 22:02:44,37.2731506,127.0144948
A,06/10/2017 22:03:04,37.2731506,127.0144948
A,06/10/2017 22:03:11,37.2729781,127.0143566
A,06/10/2017 22:03:42,37.2730873,127.0144224
A,06/10/2017 22:04:06,37.2733502,127.013659
A,06/10/2017 22:04:30,37.2729929,127.0146398
A,06/10/2017 22:04:45,37.2727396,127.014719
A,06/10/2017 22:05:14,37.2729781,127.0143566
A,06/10/2017 22:05:44,37.2729781,127.0143566
A,06/10/2017 22:06:19,37.2729989,127.0145295
A,06/10/2017 22:06:24,37.2729781,127.0143566
A,06/10/2017 22:06:31,37.273618,127.0142542
A,06/10/2017 22:07:01,37.273618,127.0142542
A,06/10/2017 22:07:11,37.2735544,127.0142097
A,06/10/2017 22:07:41,37.2735544,127.0142097
A,06/10/2017 22:07:50,37.2732882,127.0143256
A,06/10/2017 22:08:20,37.2732882,127.0143256
A,06/10/2017 22:08:37,37.2729781,127.0143566
A,06/10/2017 22:08:45,37.2733244,127.014089
A,06/10/2017 22:09:15,37.2733244,127.014089
A,06/10/2017 22:09:28,37.2729419,127.0142663
A,06/10/2017 22:09:58,37.2729419,127.0142663
A,06/10/2017 22:10:05,37.2729929,127.0146398
A,06/10/2017 22:10:31,37.2729876,127.0146293
A,06/10/2017 22:11:01,37.2729876,127.0146293
A,06/10/2017 22:11:07,37.2730768,127.0141297
A,06/10/2017 22:11:37,37.2730768,127.0141297
A,06/10/2017 22:11:47,37.2729929,127.0146398
A,06/10/2017 22:11:58,37.2733872,127.0140416
A,06/10/2017 22:12:12,37.2733872,127.0140416
A,06/10/2017 22:12:21,37.2729905,127.0146712
A,06/10/2017 22:12:26,37.2729905,127.0146712
A,06/10/2017 22:12:31,37.2729905,127.0146712
A,06/10/2017 22:12:41,37.2729905,127.0146712
A,06/10/2017 22:12:46,37.2729905,127.0146712
A,06/10/2017 22:12:51,37.2729905,127.0146712
A,06/10/2017 22:12:56,37.2729905,127.0146712
A,06/10/2017 22:13:01,37.2731597,127.0144347
A,06/10/2017 22:13:11,37.2729781,127.0143566
A,06/10/2017 22:13:16,37.2729781,127.0143566
A,06/10/2017 22:13:21,37.2729781,127.0143566
A,06/10/2017 22:13:26,37.2729781,127.0143566
A,06/10/2017 22:13:31,37.2729781,127.0143566
A,06/10/2017 22:13:36,37.2729781,127.0143566
A,06/10/2017 22:13:43,37.2729494,127.0142799
A,06/10/2017 22:13:48,37.2729494,127.0142799
A,06/10/2017 22:13:53,37.2729494,127.0142799
A,06/10/2017 22:13:58,37.2729494,127.0142799
A,06/10/2017 22:14:03,37.2729494,127.0142799
A,06/10/2017 22:14:08,37.2729494,127.0142799
A,06/10/2017 22:14:16,37.2731104,127.0143381
A,06/10/2017 22:14:21,37.2731104,127.0143381
A,06/10/2017 22:14:26,37.2731104,127.0143381
A,06/10/2017 22:14:31,37.2731104,127.0143381
A,06/10/2017 22:14:36,37.2731104,127.0143381
A,06/10/2017 22:14:41,37.2731104,127.0143381
A,06/10/2017 22:14:46,37.2737317,127.0153948
A,06/10/2017 22:14:51,37.2737317,127.0153948
A,06/10/2017 22:15:01,37.2730803,127.0145904
A,06/10/2017 22:15:06,37.2730803,127.0145904
A,06/10/2017 22:15:11,37.2730803,127.0145904
A,06/10/2017 22:15:16,37.2730803,127.0145904
A,06/10/2017 22:15:26,37.2729929,127.0146398
A,06/10/2017 22:15:31,37.2729929,127.0146398
A,06/10/2017 22:15:36,37.2729929,127.0146398
A,06/10/2017 22:15:41,37.2729929,127.0146398
A,06/10/2017 22:15:46,37.2729929,127.0146398
A,06/10/2017 22:15:52,37.2729929,127.0146398
A,06/10/2017 22:15:57,37.2729929,127.0146398
A,06/10/2017 22:16:02,37.2729929,127.0146398
A,06/10/2017 22:16:08,37.2728739,127.0145375
A,06/10/2017 22:16:13,37.2728739,127.0145375
A,06/10/2017 22:16:18,37.2728739,127.0145375
A,06/10/2017 22:16:23,37.2728739,127.0145375
A,06/10/2017 22:16:28,37.2728739,127.0145375
A,06/10/2017 22:16:33,37.2728739,127.0145375
A,06/10/2017 22:16:38,37.2728739,127.0145375
A,06/10/2017 22:16:44,37.27298,127.0146503
A,06/10/2017 22:16:50,37.2730867,127.0142335
A,06/10/2017 22:16:55,37.2730867,127.0142335
A,06/10/2017 22:17:00,37.2730867,127.0142335
A,06/10/2017 22:17:08,37.2730867,127.0142335
A,06/10/2017 22:17:28,37.2729905,127.0146712
A,06/10/2017 22:18:03,37.2737369,127.0154053
A,06/10/2017 22:18:31,37.2737369,127.0154053
A,06/10/2017 22:19:03,37.2737369,127.0154053
A,06/10/2017 22:19:28,37.2729905,127.0146712
A,06/10/2017 22:19:50,37.2730885,127.0146503
A,06/10/2017 22:20:09,37.2731257,127.0147971
A,06/10/2017 22:20:30,37.2730919,127.0147656
A,06/10/2017 22:21:00,37.2731304,127.0147342
A,06/10/2017 22:21:30,37.2729626,127.0144994
A,06/10/2017 22:21:57,37.2729209,127.0147132
A,06/10/2017 22:22:11,37.2725452,127.0142689
A,06/10/2017 22:22:28,37.2725452,127.0142689
A,06/10/2017 22:22:49,37.2719686,127.015121
A,06/10/2017 22:23:30,37.2719052,127.014203
A,06/10/2017 22:23:41,37.271784,127.0143566
A,06/10/2017 22:24:13,37.2717336,127.0145454
A,06/10/2017 22:24:44,37.2717564,127.0142332
A,06/10/2017 22:24:59,37.2717155,127.0145454
A,06/10/2017 22:25:20,37.2716774,127.0146503
A,06/10/2017 22:25:50,37.2715293,127.0140743
A,06/10/2017 22:26:20,37.2715293,127.0140743
A,06/10/2017 22:26:57,37.2717993,127.0143147
A,06/10/2017 22:27:29,37.2716974,127.0141469
A,06/10/2017 22:28:00,37.2715918,127.0133919
A,06/10/2017 22:28:08,37.27175,127.0141696
A,06/10/2017 22:28:32,37.2717469,127.0142098
A,06/10/2017 22:28:42,37.2715415,127.0144176
A,06/10/2017 22:29:05,37.2716061,127.0136016
A,06/10/2017 22:29:37,37.2716384,127.0142098
A,06/10/2017 22:30:02,37.2717241,127.0142728
A,06/10/2017 22:30:24,37.2715908,127.0136436
A,06/10/2017 22:30:46,37.272453,127.0158839
A,06/10/2017 22:31:03,37.2718266,127.0165798
A,06/10/2017 22:31:21,37.27141,127.0176281
A,06/10/2017 22:31:35,37.27141,127.0176281
A,06/10/2017 22:31:45,37.2709161,127.0176913
A,06/10/2017 22:32:07,37.2702674,127.0193271
A,06/10/2017 22:32:37,37.2698416,127.0221559
A,06/10/2017 22:33:11,37.2688282,127.0261636
A,06/10/2017 22:33:21,37.2685487,127.0263209
A,06/10/2017 22:33:54,37.268647,127.0266075
A,06/10/2017 22:34:20,37.268647,127.0266075
A,06/10/2017 22:34:34,37.2687567,127.0264671
A,06/10/2017 22:34:54,37.2678328,127.027967
A,06/10/2017 22:35:04,37.2683025,127.0283903
A,06/10/2017 22:35:45,37.2673625,127.031385
A,06/10/2017 22:36:12,37.2671107,127.0327898
A,06/10/2017 22:36:25,37.2670937,127.0330812
A,06/10/2017 22:36:45,37.2670602,127.0329785
A,06/10/2017 22:37:14,37.2669717,127.0328737
A,06/10/2017 22:37:48,37.2667962,127.0366898
A,06/10/2017 22:38:24,37.2662281,127.0371824
A,06/10/2017 22:38:33,37.2656576,127.0393975
A,06/10/2017 22:38:50,37.2658184,127.0394783
A,06/10/2017 22:39:21,37.2653014,127.0399954
A,06/10/2017 22:39:55,37.2648982,127.0419837
A,06/10/2017 22:40:01,37.2651451,127.0427503
A,06/10/2017 22:40:37,37.2631925,127.0479166
A,06/10/2017 22:41:16,37.2644117,127.0444156
A,06/10/2017 22:41:24,37.2645225,127.044551
A,06/10/2017 22:41:44,37.2644117,127.0444156
A,06/10/2017 22:42:04,37.2644525,127.0445252
A,06/10/2017 22:42:33,37.2643035,127.0448873
A,06/10/2017 22:42:45,37.2653129,127.0452697
A,06/10/2017 22:43:09,37.265805,127.0457573
A,06/10/2017 22:43:20,37.2669614,127.0458965
A,06/10/2017 22:43:43,37.2680638,127.0466588
A,06/10/2017 22:43:55,37.2685632,127.046713
A,06/10/2017 22:44:19,37.2691509,127.0478223
A,06/10/2017 22:44:51,37.2684396,127.0510434
A,06/10/2017 22:45:09,37.2681321,127.0511449
A,06/10/2017 22:45:30,37.268194,127.051124
A,06/10/2017 22:45:59,37.2683121,127.0518682
A,06/10/2017 22:46:41,37.269726,127.0523817
A,06/10/2017 22:47:32,37.2702781,127.0540981
A,06/10/2017 22:48:02,37.2701217,127.0554946
A,06/10/2017 22:48:14,37.2699577,127.0573364
A,06/10/2017 22:48:33,37.2688761,127.0580728
A,06/10/2017 22:48:52,37.2678574,127.0573652
A,06/10/2017 22:49:09,37.2671993,127.0554736
A,06/10/2017 22:49:32,37.267214,127.0577261
A,06/10/2017 22:49:43,37.2665782,127.057926
A,06/10/2017 22:50:11,37.2664561,127.0582614
A,06/10/2017 22:50:45,37.2654916,127.0603155
A,06/10/2017 22:51:16,37.2644449,127.0611539
A,06/10/2017 22:51:29,37.263251,127.0629174
A,06/10/2017 22:51:49,37.2614734,127.0636478
A,06/10/2017 22:52:02,37.2608242,127.064337
A,06/10/2017 22:52:19,37.2592208,127.0647484
A,06/10/2017 22:52:37,37.2579697,127.0653299
A,06/10/2017 22:52:53,37.2573472,127.0655973
A,06/10/2017 22:53:14,37.2572143,127.0656483
A,06/10/2017 22:53:35,37.2569763,127.0649266
A,06/10/2017 22:54:06,37.2542266,127.0669504
A,06/10/2017 22:54:38,37.252823,127.0691811
A,06/10/2017 22:54:44,37.2523368,127.069645
A,06/10/2017 22:54:56,37.252342,127.0698193
A,06/10/2017 22:55:03,37.2523428,127.0698263
A,06/10/2017 22:55:17,37.2519232,127.0717273
A,06/10/2017 22:56:06,37.2519085,127.0711213
A,06/10/2017 22:56:47,37.2520853,127.071613
A,06/10/2017 22:57:17,37.2518157,127.0710043
A,06/10/2017 22:57:22,37.251417,127.0710676
A,06/10/2017 22:57:48,37.2505522,127.0727857
A,06/10/2017 22:58:04,37.2497194,127.0733307
A,06/10/2017 22:58:18,37.2499659,127.0741478
A,06/10/2017 22:58:45,37.2489982,127.0752105
A,06/10/2017 22:59:13,37.2491418,127.0750699
A,06/10/2017 22:59:25,37.2490064,127.0753423
A,06/10/2017 23:00:01,37.2481798,127.0758243
A,06/10/2017 23:00:18,37.2476096,127.0764215
A,06/10/2017 23:00:38,37.2481531,127.0759341
A,06/10/2017 23:01:18,37.2481828,127.0754085
A,06/10/2017 23:01:25,37.2481828,127.0754085
A,06/10/2017 23:02:05,37.248481,127.0759874
A,06/10/2017 23:02:11,37.248481,127.0759874
A,06/10/2017 23:02:42,37.2483005,127.0760611
A,06/10/2017 23:03:00,37.2480845,127.0758871
A,06/10/2017 23:03:18,37.2482862,127.0761401
A,06/10/2017 23:03:59,37.2486811,127.0777565
A,06/10/2017 23:04:42,37.2483112,127.0779722
A,06/10/2017 23:04:45,37.2482125,127.0783076
A,06/10/2017 23:04:58,37.2482679,127.0780665
A,06/10/2017 23:05:21,37.2482679,127.0780665
A,06/10/2017 23:05:54,37.2482679,127.0780665
A,06/10/2017 23:06:21,37.2482679,127.0780665
A,06/10/2017 23:06:28,37.2482679,127.0780665
A,06/10/2017 23:06:55,37.2482783,127.0780874
A,06/10/2017 23:07:22,37.2482783,127.0780874
A,06/10/2017 23:07:27,37.2482783,127.0780874
A,06/10/2017 23:07:53,37.2482783,127.0780874
A,06/10/2017 23:08:02,37.2482679,127.0780665
A,06/10/2017 23:08:25,37.2482679,127.0780665
A,06/10/2017 23:08:32,37.2482679,127.0780665
A,06/10/2017 23:08:38,37.2482679,127.0780665
A,06/10/2017 23:08:46,37.2482679,127.0780665
A,06/10/2017 23:09:22,37.2482679,127.0780665
A,06/10/2017 23:09:29,37.2480335,127.0779825
A,06/10/2017 23:09:48,37.248255,127.078077
A,06/10/2017 23:10:07,37.2481876,127.0784856
A,06/10/2017 23:10:40,37.2480801,127.0791037
A,06/10/2017 23:10:55,37.248382,127.0794164
A,06/10/2017 23:11:44,37.2485145,127.0795178
A,06/10/2017 23:12:22,37.2481832,127.0794914
A,06/10/2017 23:12:29,37.2494369,127.079561
A,06/10/2017 23:12:54,37.2496051,127.0800572
A,06/10/2017 23:13:11,37.249778,127.0806291
A,06/10/2017 23:13:26,37.2499504,127.0803505
A,06/10/2017 23:13:57,37.2501538,127.0802143
A,06/10/2017 23:14:30,37.2501477,127.0800572
A,06/10/2017 23:15:02,37.2501743,127.0801829
A,06/10/2017 23:15:25,37.2508384,127.077092
A,06/10/2017 23:16:02,37.2501743,127.0801829
A,06/10/2017 23:16:31,37.2501743,127.0801829
A,06/10/2017 23:17:03,37.2501743,127.0801829
A,06/10/2017 23:17:36,37.2501743,127.0801829
A,06/10/2017 23:18:04,37.2501743,127.0801829
A,06/10/2017 23:18:34,37.2501743,127.0801829
A,06/10/2017 23:19:05,37.2501743,127.0801829
A,06/10/2017 23:19:38,37.2501562,127.0801829
A,06/10/2017 23:20:01,37.2501743,127.0801829
A,06/10/2017 23:20:09,37.2501743,127.0801829
A,06/10/2017 23:20:24,37.2501743,127.0801829
A,06/10/2017 23:20:32,37.2501743,127.0801829
A,06/10/2017 23:20:54,37.2500762,127.0802039
A,06/10/2017 23:21:26,37.2500762,127.0802039
A,06/10/2017 23:22:00,37.2501743,127.0801829
A,06/10/2017 23:22:30,37.2500762,127.0802039
A,06/10/2017 23:23:03,37.2501743,127.0801829
A,06/10/2017 23:23:34,37.2501743,127.0801829
A,06/10/2017 23:24:05,37.2501743,127.0801829
A,06/10/2017 23:24:36,37.2501743,127.0801829
A,06/10/2017 23:24:53,37.2500762,127.0802039
A,06/10/2017 23:25:08,37.2501666,127.0802039
A,06/10/2017 23:25:16,37.2501743,127.0801829
A,06/10/2017 23:25:24,37.2501743,127.0801829
A,06/10/2017 23:25:47,37.2501743,127.0801829
A,06/10/2017 23:26:01,37.2500762,127.0802039
A,06/10/2017 23:26:18,37.2501562,127.0801829
A,06/10/2017 23:26:32,37.2501562,127.0801829
A,06/10/2017 23:26:51,37.2501743,127.0801829
A,06/10/2017 23:27:02,37.2501743,127.0801829
A,06/10/2017 23:27:18,37.2501743,127.0801829
A,06/10/2017 23:27:32,37.2501743,127.0801829
A,06/10/2017 23:27:48,37.2501743,127.0801829
A,06/10/2017 23:28:02,37.2501743,127.0801829
A,06/10/2017 23:28:18,37.2501743,127.0801829
A,06/10/2017 23:28:39,37.2501743,127.0801829
A,06/10/2017 23:28:49,37.2501743,127.0801829
A,06/10/2017 23:29:14,37.2501743,127.0801829
A,06/10/2017 23:29:20,37.2501743,127.0801829
A,06/10/2017 23:29:29,37.2501743,127.0801829
A,06/10/2017 23:29:50,37.2501743,127.0801829
A,06/10/2017 23:30:04,37.2501743,127.0801829
A,06/10/2017 23:30:24,37.2501743,127.0801829
A,06/10/2017 23:30:43,37.2501743,127.0801829
A,06/10/2017 23:30:56,37.2501743,127.0801829
A,06/10/2017 23:31:01,37.2501743,127.0801829
A,06/10/2017 23:31:26,37.2501743,127.0801829
A,06/10/2017 23:31:35,37.2501743,127.0801829
A,06/10/2017 23:31:56,37.2501743,127.0801829
A,06/10/2017 23:32:05,37.2501743,127.0801829
A,06/10/2017 23:32:26,37.2501743,127.0801829
A,06/10/2017 23:32:35,37.2501743,127.0801829
A,06/10/2017 23:32:56,37.2501743,127.0801829
A,06/10/2017 23:33:05,37.2501743,127.0801829
A,06/10/2017 23:33:26,37.2501743,127.0801829
A,06/10/2017 23:33:35,37.2501743,127.0801829
A,06/10/2017 23:33:56,37.2501743,127.0801829
A,06/10/2017 23:34:10,37.2501743,127.0801829
A,06/10/2017 23:34:26,37.2501743,127.0801829
A,06/10/2017 23:34:40,37.2501743,127.0801829
A,06/10/2017 23:34:58,37.2501743,127.0801829
A,06/10/2017 23:35:13,37.2501743,127.0801829
A,06/10/2017 23:35:18,37.2501743,127.0801829
A,06/10/2017 23:35:48,37.2501743,127.0801829
A,06/10/2017 23:36:01,37.2501743,127.0801829
A,06/10/2017 23:36:21,37.2501743,127.0801829
A,06/10/2017 23:36:51,37.2501743,127.0801829
A,06/10/2017 23:37:05,37.2501743,127.0801829
A,06/10/2017 23:37:22,37.2501743,127.0801829
A,06/10/2017 23:37:30,37.2501743,127.0801829
A,06/10/2017 23:37:53,37.2501743,127.0801829
A,06/10/2017 23:38:00,37.2501743,127.0801829
A,06/10/2017 23:38:24,37.2501743,127.0801829
A,06/10/2017 23:38:39,37.2501743,127.0801829
A,06/10/2017 23:38:54,37.2501743,127.0801829
A,06/10/2017 23:39:05,37.2501743,127.0801829
A,06/10/2017 23:39:25,37.2501743,127.0801829
A,06/10/2017 23:39:39,37.2501743,127.0801829
A,06/10/2017 23:39:55,37.2501743,127.0801829
A,06/10/2017 23:40:10,37.2501743,127.0801829
A,06/10/2017 23:40:25,37.2501743,127.0801829
A,06/10/2017 23:40:45,37.2501743,127.0801829
A,06/10/2017 23:40:59,37.2501743,127.0801829
A,06/10/2017 23:41:15,37.2501743,127.0801829
A,06/10/2017 23:41:29,37.2501743,127.0801829
A,06/10/2017 23:41:46,37.2501743,127.0801829
A,06/10/2017 23:42:00,37.2501743,127.0801829
A,06/10/2017 23:42:16,37.2501743,127.0801829
A,06/10/2017 23:42:30,37.2501743,127.0801829
A,06/10/2017 23:42:46,37.2501743,127.0801829
A,06/10/2017 23:43:01,37.2501743,127.0801829
A,06/10/2017 23:43:17,37.2501743,127.0801829
A,06/10/2017 23:43:39,37.2501743,127.0801829
A,06/10/2017 23:43:49,37.2501743,127.0801829
A,06/10/2017 23:44:15,37.2501743,127.0801829
A,06/10/2017 23:44:30,37.2501743,127.0801829
A,06/10/2017 23:44:50,37.2501743,127.0801829
A,06/10/2017 23:45:04,37.2501743,127.0801829
A,06/10/2017 23:45:24,37.2501743,127.0801829
A,06/10/2017 23:45:43,37.2501743,127.0801829
A,06/10/2017 23:45:58,37.2501743,127.0801829
A,06/10/2017 23:46:13,37.2501743,127.0801829
A,06/10/2017 23:46:29,37.2501743,127.0801829
A,06/10/2017 23:46:43,37.2501743,127.0801829
A,06/10/2017 23:47:02,37.2501743,127.0801829
A,06/10/2017 23:47:13,37.2507881,127.0798822
A,06/10/2017 23:47:46,37.2507881,127.0798822
A,06/10/2017 23:48:02,37.2501743,127.0801829
A,06/10/2017 23:48:26,37.2501743,127.0801829
A,06/10/2017 23:48:32,37.2501743,127.0801829
A,06/10/2017 23:49:02,37.2501743,127.0801829
A,06/10/2017 23:49:33,37.2501743,127.0801829
A,06/10/2017 23:50:04,37.2501743,127.0801829
A,06/10/2017 23:50:25,37.2500762,127.0802039
A,06/10/2017 23:50:34,37.2500762,127.0802039
A,06/10/2017 23:50:55,37.2500762,127.0802039
A,06/10/2017 23:51:04,37.2501743,127.0801829
A,06/10/2017 23:51:27,37.2501743,127.0801829
A,06/10/2017 23:51:57,37.2501743,127.0801829
A,06/10/2017 23:52:28,37.2501743,127.0801829
A,06/10/2017 23:52:55,37.2501743,127.0801829
A,06/10/2017 23:53:02,37.2501743,127.0801829
A,06/10/2017 23:53:07,37.2501743,127.0801829
A,06/10/2017 23:53:12,37.2500762,127.0802039
A,06/10/2017 23:53:17,37.2500762,127.0802039
A,06/10/2017 23:53:44,37.2501492,127.0801618
A,06/10/2017 23:53:51,37.2501743,127.0801829
